Id,TotalSteps,TotalDistance,TrackerDistance,LoggedActivitiesDistance,VeryActiveDistance,ModeratelyActiveDistance,LightActiveDistance,SedentaryActiveDistance,VeryActiveMinutes,FairlyActiveMinutes,LightlyActiveMinutes,SedentaryMinutes,Calories,Date,IsNonWearDay,TotalSleepRecords,TotalMinutesAsleep,TotalTimeInBed,WeightKg,WeightPounds,BMI,IsManualReport,HR_mean,HR_min,HR_max,HR_readings,METs_mean
1503960366,13162,8.5,8.5,0.0,1.87999999523163,0.550000011920929,6.05999994277954,0.0,25,13,328,728,1985,2016-04-12,0,1.0,327.0,346.0,,,,,,,,,1.753
1503960366,10735,6.96999979019165,6.96999979019165,0.0,1.57000005245209,0.689999997615814,4.71000003814697,0.0,21,19,217,776,1797,2016-04-13,0,2.0,384.0,407.0,,,,,,,,,1.587
1503960366,10460,6.73999977111816,6.73999977111816,0.0,2.44000005722046,0.400000005960464,3.91000008583069,0.0,30,11,181,1218,1776,2016-04-14,0,,,,,,,,,,,,1.569
1503960366,9762,6.28000020980835,6.28000020980835,0.0,2.14000010490417,1.25999999046326,2.82999992370605,0.0,29,34,209,726,1745,2016-04-15,0,1.0,412.0,442.0,,,,,,,,,1.541
1503960366,12669,8.15999984741211,8.15999984741211,0.0,2.71000003814697,0.409999996423721,5.03999996185303,0.0,36,10,221,773,1863,2016-04-16,0,2.0,340.0,367.0,,,,,,,,,1.645
1503960366,9705,6.48000001907349,6.48000001907349,0.0,3.19000005722046,0.779999971389771,2.50999999046326,0.0,38,20,164,539,1728,2016-04-17,0,1.0,700.0,712.0,,,,,,,,,1.526
1503960366,13019,8.59000015258789,8.59000015258789,0.0,3.25,0.639999985694885,4.71000003814697,0.0,42,16,233,1149,1921,2016-04-18,0,,,,,,,,,,,,1.697
1503960366,15506,9.88000011444092,9.88000011444092,0.0,3.52999997138977,1.32000005245209,5.03000020980835,0.0,50,31,264,775,2035,2016-04-19,0,1.0,304.0,320.0,,,,,,,,,1.797
1503960366,10544,6.67999982833862,6.67999982833862,0.0,1.96000003814697,0.479999989271164,4.23999977111816,0.0,28,12,205,818,1786,2016-04-20,0,1.0,360.0,377.0,,,,,,,,,1.578
1503960366,9819,6.34000015258789,6.34000015258789,0.0,1.3400000333786,0.349999994039536,4.65000009536743,0.0,19,8,211,838,1775,2016-04-21,0,1.0,325.0,364.0,,,,,,,,,1.568
1503960366,12764,8.13000011444092,8.13000011444092,0.0,4.76000022888184,1.12000000476837,2.24000000953674,0.0,66,27,130,1217,1827,2016-04-22,0,,,,,,,,,,,,1.614
1503960366,14371,9.03999996185303,9.03999996185303,0.0,2.80999994277954,0.870000004768372,5.3600001335144,0.0,41,21,262,732,1949,2016-04-23,0,1.0,361.0,384.0,,,,,,,,,1.721
1503960366,10039,6.40999984741211,6.40999984741211,0.0,2.92000007629395,0.209999993443489,3.27999997138977,0.0,39,5,238,709,1788,2016-04-24,0,1.0,430.0,449.0,,,,,,,,,1.58
1503960366,15355,9.80000019073486,9.80000019073486,0.0,5.28999996185303,0.569999992847443,3.94000005722046,0.0,73,14,216,814,2013,2016-04-25,0,1.0,277.0,323.0,,,,,,,,,1.777
1503960366,13755,8.78999996185303,8.78999996185303,0.0,2.32999992370605,0.920000016689301,5.53999996185303,0.0,31,23,279,833,1970,2016-04-26,0,1.0,245.0,274.0,,,,,,,,,1.74
1503960366,18134,12.210000038147,12.210000038147,0.0,6.40000009536743,0.409999996423721,5.40999984741211,0.0,78,11,243,1108,2159,2016-04-27,0,,,,,,,,,,,,1.906
1503960366,13154,8.52999973297119,8.52999973297119,0.0,3.53999996185303,1.1599999666214,3.78999996185303,0.0,48,28,189,782,1898,2016-04-28,0,1.0,366.0,393.0,,,,,,,,,1.676
1503960366,11181,7.15000009536743,7.15000009536743,0.0,1.05999994277954,0.5,5.57999992370605,0.0,16,12,243,815,1837,2016-04-29,0,1.0,341.0,354.0,,,,,,,,,1.623
1503960366,14673,9.25,9.25,0.0,3.55999994277954,1.41999995708466,4.26999998092651,0.0,52,34,217,712,1947,2016-04-30,0,1.0,404.0,425.0,,,,,,,,,1.72
1503960366,10602,6.80999994277954,6.80999994277954,0.0,2.28999996185303,1.60000002384186,2.92000007629395,0.0,33,35,246,730,1820,2016-05-01,0,1.0,369.0,396.0,,,,,,,,,1.617
1503960366,14727,9.71000003814697,9.71000003814697,0.0,3.21000003814697,0.569999992847443,5.92000007629395,0.0,41,15,277,798,2004,2016-05-02,0,1.0,277.0,309.0,52.5999984741211,115.963146545323,22.6499996185303,True,,,,,1.782
1503960366,15103,9.65999984741211,9.65999984741211,0.0,3.73000001907349,1.04999995231628,4.88000011444092,0.0,50,24,254,816,1990,2016-05-03,0,1.0,273.0,296.0,52.5999984741211,115.963146545323,22.6499996185303,True,,,,,1.769
1503960366,11100,7.15000009536743,7.15000009536743,0.0,2.46000003814697,0.870000004768372,3.8199999332428,0.0,36,22,203,1179,1819,2016-05-04,0,,,,,,,,,,,,1.617
1503960366,14070,8.89999961853027,8.89999961853027,0.0,2.92000007629395,1.08000004291534,4.88000011444092,0.0,45,24,250,857,1959,2016-05-05,0,1.0,247.0,264.0,,,,,,,,,1.742
1503960366,12159,8.02999973297119,8.02999973297119,0.0,1.97000002861023,0.25,5.80999994277954,0.0,24,6,289,754,1896,2016-05-06,0,1.0,334.0,367.0,,,,,,,,,1.686
1503960366,11992,7.71000003814697,7.71000003814697,0.0,2.46000003814697,2.11999988555908,3.13000011444092,0.0,37,46,175,833,1821,2016-05-07,0,1.0,331.0,349.0,,,,,,,,,1.619
1503960366,10060,6.57999992370605,6.57999992370605,0.0,3.52999997138977,0.319999992847443,2.73000001907349,0.0,44,8,203,574,1740,2016-05-08,0,1.0,594.0,611.0,,,,,,,,,1.547
1503960366,12022,7.71999979019165,7.71999979019165,0.0,3.45000004768372,0.529999971389771,3.74000000953674,0.0,46,11,206,835,1819,2016-05-09,0,1.0,338.0,342.0,,,,,,,,,1.617
1503960366,12207,7.76999998092651,7.76999998092651,0.0,3.34999990463257,1.1599999666214,3.25999999046326,0.0,46,31,214,746,1859,2016-05-10,0,1.0,383.0,403.0,,,,,,,,,1.653
1503960366,12770,8.13000011444092,8.13000011444092,0.0,2.55999994277954,1.00999999046326,4.55000019073486,0.0,36,23,251,669,1783,2016-05-11,0,1.0,285.0,306.0,,,,,,,,,1.75
1503960366,0,0.0,0.0,0.0,0.0,0.0,0.0,0.0,0,0,0,1440,0,2016-05-12,1,,,,,,,,,,,,
1624580081,8163,5.30999994277954,5.30999994277954,0.0,0.0,0.0,5.30999994277954,0.0,0,0,146,1294,1432,2016-04-12,0,,,,,,,,,,,,1.197
1624580081,7007,4.55000019073486,4.55000019073486,0.0,0.0,0.0,4.55000019073486,0.0,0,0,148,1292,1411,2016-04-13,0,,,,,,,,,,,,1.18
1624580081,9107,5.92000007629395,5.92000007629395,0.0,0.0,0.0,5.90999984741211,0.0099999997764825,0,0,236,1204,1572,2016-04-14,0,,,,,,,,,,,,1.314
1624580081,1510,0.980000019073486,0.980000019073486,0.0,0.0,0.0,0.970000028610229,0.0,0,0,96,1344,1344,2016-04-15,0,,,,,,,,,,,,1.123
1624580081,5370,3.49000000953674,3.49000000953674,0.0,0.0,0.0,3.49000000953674,0.0,0,0,176,1264,1463,2016-04-16,0,,,,,,,,,,,,1.223
1624580081,6175,4.05999994277954,4.05999994277954,0.0,1.02999997138977,1.51999998092651,1.49000000953674,0.0099999997764825,15,22,127,1276,1554,2016-04-17,0,,,,,,,,,,,,1.299
1624580081,10536,7.40999984741211,7.40999984741211,0.0,2.15000009536743,0.620000004768372,4.61999988555908,0.0099999997764825,17,7,202,1214,1604,2016-04-18,0,,,,,,,,,,,,1.341
1624580081,2916,1.89999997615814,1.89999997615814,0.0,0.0,0.0,1.89999997615814,0.0,0,0,141,1299,1435,2016-04-19,0,,,,,,,,,,,,1.2
1624580081,4974,3.23000001907349,3.23000001907349,0.0,0.0,0.0,3.23000001907349,0.0,0,0,151,1289,1446,2016-04-20,0,,,,,,,,,,,,1.208
1624580081,6349,4.13000011444092,4.13000011444092,0.0,0.0,0.0,4.1100001335144,0.0199999995529652,0,0,186,1254,1467,2016-04-21,0,,,,,,,,,,,,1.226
1624580081,4026,2.61999988555908,2.61999988555908,0.0,0.0,0.0,2.59999990463257,0.0,0,0,199,1241,1470,2016-04-22,0,,,,,,,,,,,,1.229
1624580081,8538,5.55000019073486,5.55000019073486,0.0,0.0,0.0,5.53999996185303,0.0099999997764825,0,0,227,1213,1562,2016-04-23,0,,,,,,,,,,,,1.306
1624580081,6076,3.95000004768372,3.95000004768372,0.0,1.14999997615814,0.910000026226044,1.88999998569489,0.0,16,18,185,1221,1617,2016-04-24,0,,,,,,,,,,,,1.351
1624580081,6497,4.21999979019165,4.21999979019165,0.0,0.0,0.0,4.19999980926514,0.0199999995529652,0,0,202,1238,1492,2016-04-25,0,,,,,,,,,,,,1.247
1624580081,2826,1.8400000333786,1.8400000333786,0.0,0.0,0.0,1.83000004291534,0.0099999997764825,0,0,140,1300,1402,2016-04-26,0,,,,,,,,,,,,1.172
1624580081,8367,5.44000005722046,5.44000005722046,0.0,1.11000001430511,1.87000000476837,2.46000003814697,0.0,17,36,154,1233,1670,2016-04-27,0,,,,,,,,,,,,1.396
1624580081,2759,1.78999996185303,1.78999996185303,0.0,0.0,0.200000002980232,1.60000002384186,0.0,0,5,115,1320,1401,2016-04-28,0,,,,,,,,,,,,1.172
1624580081,2390,1.54999995231628,1.54999995231628,0.0,0.0,0.0,1.54999995231628,0.0,0,0,150,1290,1404,2016-04-29,0,,,,,,,,,,,,1.174
1624580081,6474,4.30000019073486,4.30000019073486,0.0,0.899999976158142,1.27999997138977,2.11999988555908,0.0099999997764825,11,23,224,1182,1655,2016-04-30,0,,,,,,,,,,,,1.383
1624580081,36019,28.0300006866455,28.0300006866455,0.0,21.9200000762939,4.19000005722046,1.9099999666214,0.0199999995529652,186,63,171,1020,2690,2016-05-01,0,,,,,,,,,,,,2.249
1624580081,7155,4.92999982833862,4.92999982833862,0.0,0.860000014305115,0.589999973773956,3.47000002861023,0.0,7,6,166,1261,1497,2016-05-02,0,,,,,,,,,,,,1.251
1624580081,2100,1.37000000476837,1.37000000476837,0.0,0.0,0.0,1.3400000333786,0.0199999995529652,0,0,96,1344,1334,2016-05-03,0,,,,,,,,,,,,1.115
1624580081,2193,1.42999994754791,1.42999994754791,0.0,0.0,0.0,1.41999995708466,0.0,0,0,118,1322,1368,2016-05-04,0,,,,,,,,,,,,1.144
1624580081,2470,1.61000001430511,1.61000001430511,0.0,0.0,0.0,1.58000004291534,0.0199999995529652,0,0,117,1323,1370,2016-05-05,0,,,,,,,,,,,,1.146
1624580081,1727,1.12000000476837,1.12000000476837,0.0,0.0,0.0,1.12000000476837,0.0099999997764825,0,0,102,1338,1341,2016-05-06,0,,,,,,,,,,,,1.121
1624580081,2104,1.37000000476837,1.37000000476837,0.0,0.0,0.0,1.37000000476837,0.0,0,0,182,1258,1474,2016-05-07,0,,,,,,,,,,,,1.232
1624580081,3427,2.23000001907349,2.23000001907349,0.0,0.0,0.0,2.22000002861023,0.0,0,0,152,1288,1427,2016-05-08,0,,,,,,,,,,,,1.193
1624580081,1732,1.12999999523163,1.12999999523163,0.0,0.0,0.0,1.12999999523163,0.0,0,0,91,1349,1328,2016-05-09,0,,,,,,,,,,,,1.11
1624580081,2969,1.92999994754791,1.92999994754791,0.0,0.0,0.0,1.91999995708466,0.0099999997764825,0,0,139,1301,1393,2016-05-10,0,,,,,,,,,,,,1.164
1624580081,3134,2.03999996185303,2.03999996185303,0.0,0.0,0.0,2.03999996185303,0.0,0,0,112,1328,1359,2016-05-11,0,,,,,,,,,,,,1.136
1624580081,2971,1.92999994754791,1.92999994754791,0.0,0.0,0.0,1.91999995708466,0.0099999997764825,0,0,107,890,1002,2016-05-12,0,,,,,,,,,,,,1.201
1644430081,10694,7.76999998092651,7.76999998092651,0.0,0.140000000596046,2.29999995231628,5.32999992370605,0.0,2,51,256,1131,3199,2016-04-12,0,,,,,,,,,,,,1.581
1644430081,8001,5.82000017166138,5.82000017166138,0.0,2.27999997138977,0.899999976158142,2.64000010490417,0.0,30,16,135,1259,2902,2016-04-13,0,,,,,,,,,,,,1.434
1644430081,11037,8.02000045776367,8.02000045776367,0.0,0.360000014305115,2.55999994277954,5.09999990463257,0.0,5,58,252,1125,3226,2016-04-14,0,,,,,,,,,,,,1.594
1644430081,5263,3.82999992370605,3.82999992370605,0.0,0.219999998807907,0.150000005960464,3.45000004768372,0.0,3,4,170,1263,2750,2016-04-15,0,,,,,,,,,,,,1.359
1644430081,15300,11.1199998855591,11.1199998855591,0.0,4.09999990463257,1.87999999523163,5.09000015258789,0.0,51,42,212,1135,3493,2016-04-16,0,,,,,,,,,,,,1.726
1644430081,8757,6.36999988555908,6.36999988555908,0.0,2.25,0.569999992847443,3.54999995231628,0.0,29,13,186,1212,3011,2016-04-17,0,,,,,,,,,,,,1.488
1644430081,7132,5.19000005722046,5.19000005722046,0.0,1.07000005245209,1.66999995708466,2.45000004768372,0.0,15,33,121,1271,2806,2016-04-18,0,,,,,,,,,,,,1.387
1644430081,11256,8.18000030517578,8.18000030517578,0.0,0.360000014305115,2.52999997138977,5.30000019073486,0.0,5,58,278,1099,3300,2016-04-19,0,,,,,,,,,,,,1.608
1644430081,2436,1.76999998092651,1.76999998092651,0.0,0.0,0.0,1.75999999046326,0.0099999997764825,0,0,125,1315,2430,2016-04-20,0,,,,,,,,,,,,1.201
1644430081,1223,0.889999985694885,0.889999985694885,0.0,0.0,0.0,0.879999995231628,0.0099999997764825,0,0,38,1402,2140,2016-04-21,0,,,,,,,,,,,,1.058
1644430081,3673,2.67000007629395,2.67000007629395,0.0,0.0,0.0,2.66000008583069,0.0099999997764825,0,0,86,1354,2344,2016-04-22,0,,,,,,,,,,,,1.158
1644430081,6637,4.82999992370605,4.82999992370605,0.0,0.0,0.579999983310699,4.25,0.0,0,15,160,1265,2677,2016-04-23,0,,,,,,,,,,,,1.323
1644430081,3321,2.41000008583069,2.41000008583069,0.0,0.0,0.0,2.41000008583069,0.0,0,0,89,1351,2413,2016-04-24,0,,,,,,,,,,,,1.193
1644430081,3580,2.59999990463257,2.59999990463257,0.0,0.589999973773956,0.0599999986588955,1.95000004768372,0.0,8,1,94,1337,2497,2016-04-25,0,,,,,,,,,,,,1.234
1644430081,9919,7.21000003814697,7.21000003814697,0.0,0.800000011920929,1.72000002861023,4.69000005722046,0.0,11,41,223,1165,3123,2016-04-26,0,,,,,,,,,,,,1.543
1644430081,3032,2.20000004768372,2.20000004768372,0.0,0.0,0.0,2.20000004768372,0.0,0,0,118,1322,2489,2016-04-27,0,,,,,,,,,,,,1.23
1644430081,9405,6.84000015258789,6.84000015258789,0.0,0.200000002980232,2.3199999332428,4.30999994277954,0.0,3,53,227,1157,3108,2016-04-28,0,,,,,,,,,,,,1.536
1644430081,3176,2.30999994277954,2.30999994277954,0.0,0.0,0.0,2.30999994277954,0.0,0,0,120,1193,2498,2016-04-29,0,1.0,119.0,127.0,,,,,,,,,1.234
1644430081,18213,13.2399997711182,13.2399997711182,0.0,0.629999995231628,3.14000010490417,9.46000003814697,0.0,9,71,402,816,3846,2016-04-30,0,1.0,124.0,142.0,,,,,,,,,1.901
1644430081,6132,4.46000003814697,4.46000003814697,0.0,0.239999994635582,0.990000009536743,3.23000001907349,0.0,3,24,146,908,2696,2016-05-01,0,,,,,,,,,,,,1.332
1644430081,3758,2.73000001907349,2.73000001907349,0.0,0.0700000002980232,0.310000002384186,2.34999990463257,0.0,1,7,148,682,2580,2016-05-02,0,1.0,796.0,961.0,,,,,,,,,1.253
1644430081,12850,9.34000015258789,9.34000015258789,0.0,0.720000028610229,4.09000015258789,4.53999996185303,0.0,10,94,221,1115,3324,2016-05-03,0,,,,,,,,,,,,1.641
1644430081,2309,1.67999994754791,1.67999994754791,0.0,0.0,0.0,1.6599999666214,0.0199999995529652,0,0,52,1388,2222,2016-05-04,0,,,,,,,,,,,,1.098
1644430081,4363,3.19000005722046,3.19000005722046,0.0,0.519999980926514,0.540000021457672,2.13000011444092,0.0099999997764825,6,12,81,1341,2463,2016-05-05,0,,,,,,,,,,,,1.218
1644430081,9787,7.11999988555908,7.11999988555908,0.0,0.819999992847443,0.270000010728836,6.01000022888184,0.0199999995529652,11,6,369,1054,3328,2016-05-06,0,,,,,,,,,,,,1.672
1644430081,13372,9.72000026702881,9.72000026702881,0.0,3.25999999046326,0.790000021457672,5.67000007629395,0.0099999997764825,41,17,243,1139,3404,2016-05-07,0,,,,,,,,,,,,1.682
1644430081,6724,4.8899998664856,4.8899998664856,0.0,0.0,0.0,4.88000011444092,0.0,0,0,295,991,2987,2016-05-08,0,1.0,137.0,154.0,,,,,,,,,1.477
1644430081,6643,4.82999992370605,4.82999992370605,0.0,2.39000010490417,0.349999994039536,2.08999991416931,0.0099999997764825,32,6,303,1099,3008,2016-05-09,0,,,,,,,,,,,,1.487
1644430081,9167,6.65999984741211,6.65999984741211,0.0,0.879999995231628,0.810000002384186,4.96999979019165,0.0099999997764825,12,19,155,1254,2799,2016-05-10,0,,,,,,,,,,,,1.384
1644430081,1329,0.970000028610229,0.970000028610229,0.0,0.0,0.0,0.949999988079071,0.0099999997764825,0,0,49,713,1276,2016-05-11,0,,,,,,,,,,,,1.165
1844505072,6697,4.42999982833862,4.42999982833862,0.0,0.0,0.0,4.42999982833862,0.0,0,0,339,1101,2030,2016-04-12,0,,,,,,,,,,,,1.507
1844505072,4929,3.25999999046326,3.25999999046326,0.0,0.0,0.0,3.25999999046326,0.0,0,0,248,1192,1860,2016-04-13,0,,,,,,,,,,,,1.381
1844505072,7937,5.25,5.25,0.0,0.0,0.0,5.23000001907349,0.0,0,0,373,843,2130,2016-04-14,0,,,,,,,,,,,,1.581
1844505072,3844,2.53999996185303,2.53999996185303,0.0,0.0,0.0,2.53999996185303,0.0,0,0,176,527,1725,2016-04-15,0,1.0,644.0,961.0,,,,,,,,,1.281
1844505072,3414,2.25999999046326,2.25999999046326,0.0,0.0,0.0,2.25999999046326,0.0,0,0,147,1293,1657,2016-04-16,0,,,,,,,,,,,,1.23
1844505072,4525,2.99000000953674,2.99000000953674,0.0,0.140000000596046,0.259999990463257,2.58999991416931,0.0,2,8,199,1231,1793,2016-04-17,0,,,,,,,,,,,,1.331
1844505072,4597,3.03999996185303,3.03999996185303,0.0,0.0,0.479999989271164,2.55999994277954,0.0,0,12,217,1211,1814,2016-04-18,0,,,,,,,,,,,,1.346
1844505072,197,0.129999995231628,0.129999995231628,0.0,0.0,0.0,0.129999995231628,0.0,0,0,10,1430,1366,2016-04-19,0,,,,,,,,,,,,1.014
1844505072,8,0.0099999997764825,0.0099999997764825,0.0,0.0,0.0,0.0099999997764825,0.0,0,0,1,1439,1349,2016-04-20,0,,,,,,,,,,,,1.002
1844505072,8054,5.32000017166138,5.32000017166138,0.0,0.119999997317791,0.519999980926514,4.67999982833862,0.0,2,13,308,1117,2062,2016-04-21,0,,,,,,,,,,,,1.531
1844505072,5372,3.54999995231628,3.54999995231628,0.0,0.0,0.0,3.54999995231628,0.0,0,0,220,1220,1827,2016-04-22,0,,,,,,,,,,,,1.357
1844505072,3570,2.35999989509583,2.35999989509583,0.0,0.0,0.0,2.35999989509583,0.0,0,0,139,1301,1645,2016-04-23,0,,,,,,,,,,,,1.221
1844505072,0,0.0,0.0,0.0,0.0,0.0,0.0,0.0,0,0,0,1440,1347,2016-04-24,1,,,,,,,,,,,,1.0
1844505072,0,0.0,0.0,0.0,0.0,0.0,0.0,0.0,0,0,0,1440,1347,2016-04-25,1,,,,,,,,,,,,1.0
1844505072,0,0.0,0.0,0.0,0.0,0.0,0.0,0.0,0,0,0,1440,1347,2016-04-26,1,,,,,,,,,,,,1.0
1844505072,4,0.0,0.0,0.0,0.0,0.0,0.0,0.0,0,0,1,1439,1348,2016-04-27,0,,,,,,,,,,,,1.001
1844505072,6907,4.57000017166138,4.57000017166138,0.0,0.0,0.0,4.55999994277954,0.0,0,0,302,1138,1992,2016-04-28,0,,,,,,,,,,,,1.479
1844505072,4920,3.25,3.25,0.0,0.0,0.0,3.25,0.0,0,0,247,1082,1856,2016-04-29,0,,,,,,,,,,,,1.378
1844505072,4014,2.67000007629395,2.67000007629395,0.0,0.0,0.0,2.65000009536743,0.0,0,0,184,218,1763,2016-04-30,0,1.0,722.0,961.0,,,,,,,,,1.309
1844505072,2573,1.70000004768372,1.70000004768372,0.0,0.0,0.259999990463257,1.45000004768372,0.0,0,7,75,585,1541,2016-05-01,0,1.0,590.0,961.0,,,,,,,,,1.144
1844505072,0,0.0,0.0,0.0,0.0,0.0,0.0,0.0,0,0,0,1440,1348,2016-05-02,1,,,,,,,,,,,,1.001
1844505072,4059,2.6800000667572,2.6800000667572,0.0,0.0,0.0,2.6800000667572,0.0,0,0,184,1256,1742,2016-05-03,0,,,,,,,,,,,,1.293
1844505072,2080,1.37000000476837,1.37000000476837,0.0,0.0,0.0,1.37000000476837,0.0,0,0,87,1353,1549,2016-05-04,0,,,,,,,,,,,,1.15
1844505072,2237,1.48000001907349,1.48000001907349,0.0,0.0,0.0,1.48000001907349,0.0,0,0,120,1320,1589,2016-05-05,0,,,,,,,,,,,,1.18
1844505072,44,0.0299999993294477,0.0299999993294477,0.0,0.0,0.0,0.0299999993294477,0.0,0,0,2,1438,1351,2016-05-06,0,,,,,,,,,,,,1.003
1844505072,0,0.0,0.0,0.0,0.0,0.0,0.0,0.0,0,0,0,1440,1347,2016-05-07,1,,,,,,,,,,,,1.0
1844505072,0,0.0,0.0,0.0,0.0,0.0,0.0,0.0,0,0,0,1440,1347,2016-05-08,1,,,,,,,,,,,,1.0
1844505072,0,0.0,0.0,0.0,0.0,0.0,0.0,0.0,0,0,0,1440,1347,2016-05-09,1,,,,,,,,,,,,1.0
1844505072,0,0.0,0.0,0.0,0.0,0.0,0.0,0.0,0,0,0,1440,1347,2016-05-10,1,,,,,,,,,,,,1.0
1844505072,0,0.0,0.0,0.0,0.0,0.0,0.0,0.0,0,0,0,1440,1347,2016-05-11,1,,,,,,,,,,,,1.0
1844505072,0,0.0,0.0,0.0,0.0,0.0,0.0,0.0,0,0,0,711,665,2016-05-12,0,,,,,,,,,,,,1.0
1927972279,678,0.469999998807907,0.469999998807907,0.0,0.0,0.0,0.469999998807907,0.0,0,0,55,734,2220,2016-04-12,0,3.0,750.0,775.0,,,,,,,,,1.083
1927972279,356,0.25,0.25,0.0,0.0,0.0,0.25,0.0,0,0,32,986,2151,2016-04-13,0,1.0,398.0,422.0,133.5,294.317120016975,47.5400009155273,False,,,,,1.043
1927972279,2163,1.5,1.5,0.0,0.0,0.400000005960464,1.10000002384186,0.0,0,9,88,1292,2383,2016-04-14,0,,,,,,,,,,,,1.155
1927972279,980,0.680000007152557,0.680000007152557,0.0,0.0,0.0,0.680000007152557,0.0,0,0,51,941,2221,2016-04-15,0,2.0,475.0,499.0,,,,,,,,,1.077
1927972279,0,0.0,0.0,0.0,0.0,0.0,0.0,0.0,0,0,0,1440,2064,2016-04-16,1,,,,,,,,,,,,1.0
1927972279,0,0.0,0.0,0.0,0.0,0.0,0.0,0.0,0,0,0,1440,2063,2016-04-17,1,,,,,,,,,,,,1.0
1927972279,244,0.170000001788139,0.170000001788139,0.0,0.0,0.0,0.170000001788139,0.0,0,0,17,1423,2111,2016-04-18,0,,,,,,,,,,,,1.023
1927972279,0,0.0,0.0,0.0,0.0,0.0,0.0,0.0,0,0,0,1440,2063,2016-04-19,1,,,,,,,,,,,,1.0
1927972279,0,0.0,0.0,0.0,0.0,0.0,0.0,0.0,0,0,0,1440,2063,2016-04-20,1,,,,,,,,,,,,1.0
1927972279,0,0.0,0.0,0.0,0.0,0.0,0.0,0.0,0,0,0,1440,2064,2016-04-21,1,,,,,,,,,,,,1.0
1927972279,149,0.100000001490116,0.100000001490116,0.0,0.0,0.0,0.100000001490116,0.0,0,0,10,1430,2093,2016-04-22,0,,,,,,,,,,,,1.015
1927972279,2945,2.03999996185303,2.03999996185303,0.0,0.0,0.0,2.03999996185303,0.0,0,0,145,1295,2499,2016-04-23,0,,,,,,,,,,,,1.211
1927972279,2090,1.45000004768372,1.45000004768372,0.0,0.0700000002980232,0.239999994635582,1.13999998569489,0.0,1,6,75,1358,2324,2016-04-24,0,,,,,,,,,,,,1.127
1927972279,152,0.109999999403954,0.109999999403954,0.0,0.0,0.0,0.109999999403954,0.0,0,0,12,1303,2100,2016-04-25,0,,,,,,,,,,,,1.017
1927972279,3761,2.59999990463257,2.59999990463257,0.0,0.0,0.0,2.59999990463257,0.0,0,0,192,1058,2638,2016-04-26,0,1.0,296.0,315.0,,,,,,,,,1.279
1927972279,0,0.0,0.0,0.0,0.0,0.0,0.0,0.0,0,0,0,1440,2063,2016-04-27,1,,,,,,,,,,,,1.0
1927972279,1675,1.1599999666214,1.1599999666214,0.0,0.0,0.0,1.1599999666214,0.0,0,0,95,1167,2351,2016-04-28,0,1.0,166.0,178.0,,,,,,,,,1.14
1927972279,0,0.0,0.0,0.0,0.0,0.0,0.0,0.0,0,0,0,1440,2063,2016-04-29,1,,,,,,,,,,,,1.0
1927972279,0,0.0,0.0,0.0,0.0,0.0,0.0,0.0,0,0,0,1440,2064,2016-04-30,1,,,,,,,,,,,,1.0
1927972279,2704,1.87000000476837,1.87000000476837,0.0,1.00999999046326,0.0299999993294477,0.829999983310699,0.0,14,1,70,1355,2411,2016-05-01,0,,,,,,,,,,,,1.169
1927972279,3790,2.61999988555908,2.61999988555908,0.0,1.1599999666214,0.300000011920929,1.1599999666214,0.0,16,8,94,1322,2505,2016-05-02,0,,,,,,,,,,,,1.214
1927972279,1326,0.920000016689301,0.920000016689301,0.0,0.730000019073486,0.0,0.180000007152557,0.0,10,0,17,1413,2195,2016-05-03,0,,,,,,,,,,,,1.064
1927972279,1786,1.24000000953674,1.24000000953674,0.0,0.0,0.0,1.24000000953674,0.0,0,0,87,1353,2338,2016-05-04,0,,,,,,,,,,,,1.134
1927972279,0,0.0,0.0,0.0,0.0,0.0,0.0,0.0,0,0,0,1440,2063,2016-05-05,1,,,,,,,,,,,,1.0
1927972279,2091,1.45000004768372,1.45000004768372,0.0,0.0,0.0,1.45000004768372,0.0,0,0,108,1332,2383,2016-05-06,0,,,,,,,,,,,,1.155
1927972279,1510,1.03999996185303,1.03999996185303,0.0,0.0,0.0,1.03999996185303,0.0,0,0,48,1392,2229,2016-05-07,0,,,,,,,,,,,,1.081
1927972279,0,0.0,0.0,0.0,0.0,0.0,0.0,0.0,0,0,0,1440,2063,2016-05-08,1,,,,,,,,,,,,1.0
1927972279,0,0.0,0.0,0.0,0.0,0.0,0.0,0.0,0,0,0,1440,2063,2016-05-09,1,,,,,,,,,,,,1.0
1927972279,0,0.0,0.0,0.0,0.0,0.0,0.0,0.0,0,0,0,1440,2063,2016-05-10,1,,,,,,,,,,,,1.0
1927972279,0,0.0,0.0,0.0,0.0,0.0,0.0,0.0,0,0,0,1440,2063,2016-05-11,1,,,,,,,,,,,,1.0
1927972279,0,0.0,0.0,0.0,0.0,0.0,0.0,0.0,0,0,0,966,1383,2016-05-12,0,,,,,,,,,,,,1.0
2022484408,11875,8.34000015258789,8.34000015258789,0.0,3.30999994277954,0.769999980926514,4.26000022888184,0.0,42,14,227,1157,2390,2016-04-12,0,,,,,,,,75.8,52.0,134.0,4836.0,1.6
2022484408,12024,8.5,8.5,0.0,2.99000000953674,0.100000001490116,5.40999984741211,0.0,43,5,292,1100,2601,2016-04-13,0,,,,,,,,80.3,51.0,156.0,5332.0,1.741
2022484408,10690,7.5,7.5,0.0,2.48000001907349,0.209999993443489,4.82000017166138,0.0,32,3,257,1148,2312,2016-04-14,0,,,,,,,,72.6,50.0,127.0,5560.0,1.548
2022484408,11034,8.02999973297119,8.02999973297119,0.0,1.94000005722046,0.310000002384186,5.78000020980835,0.0,27,9,282,1122,2525,2016-04-15,0,,,,,,,,80.4,53.0,189.0,5302.0,1.69
2022484408,10100,7.09000015258789,7.09000015258789,0.0,3.15000009536743,0.550000011920929,3.39000010490417,0.0,41,11,151,1237,2177,2016-04-16,0,,,,,,,,76.0,49.0,136.0,3143.0,1.457
2022484408,15112,11.3999996185303,11.3999996185303,0.0,3.86999988555908,0.660000026226044,6.88000011444092,0.0,28,29,331,1052,2782,2016-04-17,0,,,,,,,,83.9,52.0,161.0,4948.0,1.862
2022484408,14131,10.0699996948242,10.0699996948242,0.0,3.64000010490417,0.119999997317791,6.30000019073486,0.0,48,3,311,1078,2770,2016-04-18,0,,,,,,,,82.7,54.0,153.0,5589.0,1.854
2022484408,11548,8.52999973297119,8.52999973297119,0.0,3.28999996185303,0.239999994635582,5.0,0.0,31,7,250,1152,2489,2016-04-19,0,,,,,,,,82.0,54.0,162.0,4500.0,1.665
2022484408,15112,10.6700000762939,10.6700000762939,0.0,3.33999991416931,1.92999994754791,5.40000009536743,0.0,48,63,276,1053,2897,2016-04-20,0,,,,,,,,83.4,50.0,166.0,6040.0,1.939
2022484408,12453,8.73999977111816,8.73999977111816,0.0,3.32999992370605,1.11000001430511,4.30999994277954,0.0,104,53,255,1028,3158,2016-04-21,0,,,,,,,,86.4,53.0,203.0,5544.0,2.114
2022484408,12954,9.32999992370605,9.32999992370605,0.0,4.42999982833862,0.419999986886978,4.46999979019165,0.0,52,10,273,1105,2638,2016-04-22,0,,,,,,,,80.1,52.0,153.0,5636.0,1.766
2022484408,6001,4.21000003814697,4.21000003814697,0.0,0.0,0.0,4.21000003814697,0.0,0,0,249,1191,2069,2016-04-23,0,,,,,,,,71.8,50.0,109.0,4178.0,1.385
2022484408,13481,10.2799997329712,10.2799997329712,0.0,4.55000019073486,1.14999997615814,4.57999992370605,0.0,37,26,216,1161,2529,2016-04-24,0,,,,,,,,82.4,53.0,163.0,4209.0,1.693
2022484408,11369,8.01000022888184,8.01000022888184,0.0,3.32999992370605,0.219999998807907,4.46000003814697,0.0,44,8,217,1171,2470,2016-04-25,0,,,,,,,,82.6,49.0,159.0,3812.0,1.653
2022484408,10119,7.19000005722046,7.19000005722046,0.0,1.42999994754791,0.660000026226044,5.1100001335144,0.0,55,24,275,1086,2793,2016-04-26,0,,,,,,,,83.3,51.0,154.0,5586.0,1.869
2022484408,10159,7.13000011444092,7.13000011444092,0.0,1.03999996185303,0.970000028610229,5.11999988555908,0.0,19,20,282,1119,2463,2016-04-27,0,,,,,,,,80.9,38.0,145.0,4441.0,1.648
2022484408,10140,7.11999988555908,7.11999988555908,0.0,0.409999996423721,1.33000004291534,5.3899998664856,0.0,6,20,291,1123,2296,2016-04-28,0,,,,,,,,71.3,51.0,114.0,5561.0,1.537
2022484408,10245,7.19000005722046,7.19000005722046,0.0,0.479999989271164,1.21000003814697,5.5,0.0,21,40,281,1098,2611,2016-04-29,0,,,,,,,,83.4,50.0,134.0,4832.0,1.748
2022484408,18387,12.9099998474121,12.9099998474121,0.0,0.939999997615814,1.39999997615814,10.5699996948242,0.0,13,23,361,1043,2732,2016-04-30,0,,,,,,,,77.5,51.0,123.0,5486.0,1.828
2022484408,10538,7.40000009536743,7.40000009536743,0.0,1.94000005722046,0.959999978542328,4.5,0.0,25,28,245,1142,2380,2016-05-01,0,,,,,,,,73.5,44.0,118.0,4482.0,1.593
2022484408,10379,7.28999996185303,7.28999996185303,0.0,2.60999989509583,0.340000003576279,4.32999992370605,0.0,36,8,277,1119,2473,2016-05-02,0,,,,,,,,77.2,50.0,137.0,7814.0,1.656
2022484408,12183,8.73999977111816,8.73999977111816,0.0,3.99000000953674,0.46000000834465,4.28000020980835,0.0,72,14,250,1104,2752,2016-05-03,0,,,,,,,,83.0,51.0,169.0,5708.0,1.842
2022484408,11768,8.28999996185303,8.28999996185303,0.0,2.50999999046326,0.930000007152557,4.84999990463257,0.0,36,27,272,1105,2649,2016-05-04,0,,,,,,,,82.8,54.0,159.0,6225.0,1.773
2022484408,11895,8.35000038146973,8.35000038146973,0.0,2.78999996185303,0.860000014305115,4.69999980926514,0.0,55,20,253,1112,2609,2016-05-05,0,,,,,,,,80.7,55.0,156.0,6749.0,1.746
2022484408,10227,7.17999982833862,7.17999982833862,0.0,1.87000000476837,0.670000016689301,4.6399998664856,0.0,24,17,295,1104,2498,2016-05-06,0,,,,,,,,81.7,60.0,118.0,5358.0,1.672
2022484408,6708,4.71000003814697,4.71000003814697,0.0,1.61000001430511,0.0799999982118607,3.01999998092651,0.0,20,2,149,1269,1995,2016-05-07,0,,,,,,,,76.1,52.0,128.0,2596.0,1.336
2022484408,3292,2.30999994277954,2.30999994277954,0.0,0.0,0.0,2.30999994277954,0.0,0,0,135,1305,1848,2016-05-08,0,,,,,,,,77.0,53.0,127.0,1720.0,1.236
2022484408,13379,9.39000034332275,9.39000034332275,0.0,2.11999988555908,1.62999999523163,5.6399998664856,0.0,35,47,297,1061,2709,2016-05-09,0,,,,,,,,81.5,51.0,133.0,6249.0,1.813
2022484408,12798,8.97999954223633,8.97999954223633,0.0,2.22000002861023,1.21000003814697,5.55999994277954,0.0,57,28,271,1084,2797,2016-05-10,0,,,,,,,,86.6,57.0,166.0,4894.0,1.872
2022484408,13272,9.31999969482422,9.31999969482422,0.0,4.17999982833862,1.14999997615814,3.99000000953674,0.0,58,25,224,1133,2544,2016-05-11,0,,,,,,,,83.5,55.0,138.0,4247.0,1.703
2022484408,9117,6.40999984741211,6.40999984741211,0.0,1.27999997138977,0.670000016689301,4.44000005722046,0.0,16,16,236,728,1853,2016-05-12,0,,,,,,,,81.4,55.0,152.0,3527.0,1.738
2026352035,4414,2.74000000953674,2.74000000953674,0.0,0.189999997615814,0.349999994039536,2.20000004768372,0.0,3,8,181,706,1459,2016-04-12,0,1.0,503.0,546.0,,,,,,,,,1.308
2026352035,4993,3.09999990463257,3.09999990463257,0.0,0.0,0.0,3.09999990463257,0.0,0,0,238,663,1521,2016-04-13,0,1.0,531.0,565.0,,,,,,,,,1.364
2026352035,3335,2.0699999332428,2.0699999332428,0.0,0.0,0.0,2.04999995231628,0.0,0,0,197,653,1431,2016-04-14,0,1.0,545.0,568.0,,,,,,,,,1.282
2026352035,3821,2.36999988555908,2.36999988555908,0.0,0.0,0.0,2.36999988555908,0.0,0,0,188,687,1444,2016-04-15,0,1.0,523.0,573.0,,,,,,,,,1.295
2026352035,2547,1.58000004291534,1.58000004291534,0.0,0.0,0.0,1.58000004291534,0.0,0,0,150,728,1373,2016-04-16,0,1.0,524.0,567.0,,,,,,,,,1.231
2026352035,838,0.519999980926514,0.519999980926514,0.0,0.0,0.0,0.519999980926514,0.0,0,0,60,1053,1214,2016-04-17,0,1.0,437.0,498.0,,,,,68.7,63.0,80.0,192.0,1.089
2026352035,3325,2.05999994277954,2.05999994277954,0.0,0.0,0.0,2.05999994277954,0.0,0,0,182,1062,1419,2016-04-18,0,,,,,,,,,,,,1.271
2026352035,2424,1.5,1.5,0.0,0.0,0.0,1.5,0.0,0,0,141,785,1356,2016-04-19,0,1.0,498.0,540.0,,,,,,,,,1.215
2026352035,7222,4.48000001907349,4.48000001907349,0.0,0.0,0.0,4.48000001907349,0.0,0,0,327,623,1667,2016-04-20,0,1.0,461.0,510.0,,,,,,,,,1.494
2026352035,2467,1.52999997138977,1.52999997138977,0.0,0.0,0.0,1.52999997138977,0.0,0,0,153,749,1370,2016-04-21,0,1.0,477.0,514.0,,,,,,,,,1.228
2026352035,2915,1.80999994277954,1.80999994277954,0.0,0.0,0.0,1.80999994277954,0.0,0,0,162,712,1399,2016-04-22,0,1.0,520.0,545.0,,,,,,,,,1.254
2026352035,12357,7.71000003814697,7.71000003814697,0.0,0.0,0.0,7.71000003814697,0.0,0,0,432,458,1916,2016-04-23,0,1.0,522.0,554.0,,,,,,,,,1.717
2026352035,3490,2.16000008583069,2.16000008583069,0.0,0.0,0.0,2.16000008583069,0.0,0,0,164,704,1401,2016-04-24,0,1.0,555.0,591.0,,,,,,,,,1.256
2026352035,6017,3.73000001907349,3.73000001907349,0.0,0.0,0.0,3.73000001907349,0.0,0,0,260,821,1576,2016-04-25,0,1.0,506.0,531.0,,,,,99.5,70.0,125.0,516.0,1.413
2026352035,5933,3.6800000667572,3.6800000667572,0.0,0.0,0.0,3.6800000667572,0.0,0,0,288,1018,1595,2016-04-26,0,,,,,,,,,,,,1.429
2026352035,6088,3.76999998092651,3.76999998092651,0.0,0.0,0.0,3.76999998092651,0.0,0,0,286,586,1593,2016-04-27,0,1.0,508.0,545.0,,,,,,,,,1.428
2026352035,6375,3.95000004768372,3.95000004768372,0.0,0.0,0.0,3.95000004768372,0.0,0,0,331,626,1649,2016-04-28,0,1.0,513.0,545.0,,,,,,,,,1.478
2026352035,7604,4.71000003814697,4.71000003814697,0.0,0.0,0.0,4.71000003814697,0.0,0,0,352,492,1692,2016-04-29,0,1.0,490.0,510.0,,,,,,,,,1.517
2026352035,4729,2.9300000667572,2.9300000667572,0.0,0.0,0.0,2.9300000667572,0.0,0,0,233,594,1506,2016-04-30,0,1.0,573.0,607.0,,,,,,,,,1.35
2026352035,3609,2.27999997138977,2.27999997138977,0.0,0.0,0.0,2.27999997138977,0.0,0,0,191,716,1447,2016-05-01,0,1.0,527.0,546.0,,,,,,,,,1.297
2026352035,7018,4.34999990463257,4.34999990463257,0.0,0.0,0.0,4.34999990463257,0.0,0,0,355,716,1690,2016-05-02,0,1.0,511.0,543.0,,,,,84.1,70.0,122.0,431.0,1.514
2026352035,5992,3.72000002861023,3.72000002861023,0.0,0.0,0.0,3.72000002861023,0.0,0,0,304,981,1604,2016-05-03,0,,,,,,,,,,,,1.437
2026352035,6564,4.07000017166138,4.07000017166138,0.0,0.0,0.0,4.07000017166138,0.0,0,0,345,530,1658,2016-05-04,0,1.0,538.0,560.0,,,,,,,,,1.486
2026352035,12167,7.53999996185303,7.53999996185303,0.0,0.0,0.0,7.53999996185303,0.0,0,0,475,479,1926,2016-05-05,0,1.0,468.0,485.0,,,,,,,,,1.726
2026352035,8198,5.07999992370605,5.07999992370605,0.0,0.0,0.0,5.07999992370605,0.0,0,0,383,511,1736,2016-05-06,0,1.0,524.0,548.0,,,,,,,,,1.556
2026352035,4193,2.59999990463257,2.59999990463257,0.0,0.0,0.0,2.59999990463257,0.0,0,0,229,665,1491,2016-05-07,0,1.0,511.0,521.0,,,,,,,,,1.336
2026352035,5528,3.45000004768372,3.45000004768372,0.0,0.0,0.0,3.45000004768372,0.0,0,0,258,610,1555,2016-05-08,0,1.0,541.0,568.0,,,,,,,,,1.393
2026352035,10685,6.61999988555908,6.61999988555908,0.0,0.0,0.0,6.59999990463257,0.0,0,0,401,543,1869,2016-05-09,0,1.0,531.0,556.0,,,,,98.2,70.0,123.0,1351.0,1.672
2026352035,254,0.159999996423721,0.159999996423721,0.0,0.0,0.0,0.159999996423721,0.0,0,0,17,1002,1141,2016-05-10,0,1.0,357.0,380.0,,,,,,,,,1.023
2026352035,8580,5.32000017166138,5.32000017166138,0.0,0.0,0.0,5.32000017166138,0.0,0,0,330,569,1698,2016-05-11,0,1.0,523.0,553.0,,,,,,,,,1.522
2026352035,8891,5.51000022888184,5.51000022888184,0.0,0.0,0.0,5.51000022888184,0.0,0,0,343,330,1364,2016-05-12,0,1.0,456.0,485.0,,,,,,,,,1.742
2320127002,10725,7.48999977111816,7.48999977111816,0.0,1.16999995708466,0.310000002384186,6.01000022888184,0.0,13,9,306,1112,2124,2016-04-12,0,,,,,,,,,,,,1.603
2320127002,7275,4.90000009536743,4.90000009536743,0.0,0.0,0.0,4.90000009536743,0.0,0,0,335,1105,2003,2016-04-13,0,,,,,,,,,,,,1.513
2320127002,3973,2.6800000667572,2.6800000667572,0.0,0.0,0.0,2.6800000667572,0.0,0,0,191,1249,1696,2016-04-14,0,,,,,,,,,,,,1.28
2320127002,5205,3.50999999046326,3.50999999046326,0.0,0.0,0.0,3.50999999046326,0.0,0,0,245,1195,1801,2016-04-15,0,,,,,,,,,,,,1.36
2320127002,5057,3.41000008583069,3.41000008583069,0.0,0.0,0.0,3.40000009536743,0.0,0,0,195,1245,1724,2016-04-16,0,,,,,,,,,,,,1.302
2320127002,6198,4.17999982833862,4.17999982833862,0.0,0.0,0.0,4.17999982833862,0.0,0,0,249,1191,1852,2016-04-17,0,,,,,,,,,,,,1.399
2320127002,6559,4.42000007629395,4.42000007629395,0.0,0.0,0.259999990463257,4.1399998664856,0.0,0,7,260,1173,1905,2016-04-18,0,,,,,,,,,,,,1.438
2320127002,5997,4.03999996185303,4.03999996185303,0.0,0.0,0.379999995231628,3.66000008583069,0.0,0,11,228,1201,1811,2016-04-19,0,,,,,,,,,,,,1.368
2320127002,7192,4.84999990463257,4.84999990463257,0.0,0.0,0.490000009536743,4.34000015258789,0.0,0,11,283,1146,1922,2016-04-20,0,,,,,,,,,,,,1.451
2320127002,3404,2.28999996185303,2.28999996185303,0.0,0.0599999986588955,0.419999986886978,1.80999994277954,0.0,1,10,127,1302,1610,2016-04-21,0,,,,,,,,,,,,1.216
2320127002,5583,3.75999999046326,3.75999999046326,0.0,0.0,0.0,3.75999999046326,0.0,0,0,266,1174,1851,2016-04-22,0,,,,,,,,,,,,1.398
2320127002,5079,3.42000007629395,3.42000007629395,0.0,0.0,0.0,3.42000007629395,0.0,0,0,242,1129,1804,2016-04-23,0,1.0,61.0,69.0,,,,,,,,,1.362
2320127002,4165,2.80999994277954,2.80999994277954,0.0,0.0,0.0,2.79999995231628,0.0,0,0,204,1236,1725,2016-04-24,0,,,,,,,,,,,,1.302
2320127002,3588,2.42000007629395,2.42000007629395,0.0,0.230000004172325,0.200000002980232,1.99000000953674,0.0,3,5,152,1280,1654,2016-04-25,0,,,,,,,,,,,,1.249
2320127002,3409,2.29999995231628,2.29999995231628,0.0,0.0,0.0,2.29999995231628,0.0,0,0,147,1293,1632,2016-04-26,0,,,,,,,,,,,,1.232
2320127002,1715,1.1599999666214,1.1599999666214,0.0,0.0,0.0,1.1599999666214,0.0,0,0,82,1358,1481,2016-04-27,0,,,,,,,,,,,,1.118
2320127002,1532,1.02999997138977,1.02999997138977,0.0,0.0,0.0,1.02999997138977,0.0,0,0,76,1364,1473,2016-04-28,0,,,,,,,,,,,,1.112
2320127002,924,0.620000004768372,0.620000004768372,0.0,0.0,0.0,0.620000004768372,0.0,0,0,45,1395,1410,2016-04-29,0,,,,,,,,,,,,1.065
2320127002,4571,3.07999992370605,3.07999992370605,0.0,0.0,0.0,3.0699999332428,0.0,0,0,234,1206,1779,2016-04-30,0,,,,,,,,,,,,1.343
2320127002,772,0.519999980926514,0.519999980926514,0.0,0.0,0.0,0.519999980926514,0.0,0,0,40,1400,1403,2016-05-01,0,,,,,,,,,,,,1.06
2320127002,3634,2.45000004768372,2.45000004768372,0.0,0.360000014305115,0.209999993443489,1.87999999523163,0.0,5,6,123,1306,1613,2016-05-02,0,,,,,,,,,,,,1.218
2320127002,7443,5.01999998092651,5.01999998092651,0.0,1.49000000953674,0.370000004768372,3.16000008583069,0.0,20,10,206,1204,1878,2016-05-03,0,,,,,,,,,,,,1.418
2320127002,1201,0.810000002384186,0.810000002384186,0.0,0.0,0.0,0.810000002384186,0.0,0,0,52,1388,1426,2016-05-04,0,,,,,,,,,,,,1.077
2320127002,5202,3.50999999046326,3.50999999046326,0.0,0.0,0.389999985694885,3.10999989509583,0.0,0,11,223,1206,1780,2016-05-05,0,,,,,,,,,,,,1.344
2320127002,4878,3.28999996185303,3.28999996185303,0.0,0.0,0.0,3.28999996185303,0.0,0,0,204,1236,1742,2016-05-06,0,,,,,,,,,,,,1.315
2320127002,7379,4.96999979019165,4.96999979019165,0.0,0.0,0.0,4.96999979019165,0.0,0,0,319,1121,1972,2016-05-07,0,,,,,,,,,,,,1.489
2320127002,5161,3.48000001907349,3.48000001907349,0.0,0.0,0.0,3.47000002861023,0.0,0,0,247,1193,1821,2016-05-08,0,,,,,,,,,,,,1.375
2320127002,3090,2.07999992370605,2.07999992370605,0.0,0.0,0.0,2.07999992370605,0.0,0,0,145,1295,1630,2016-05-09,0,,,,,,,,,,,,1.231
2320127002,6227,4.19999980926514,4.19999980926514,0.0,0.0,0.0,4.19999980926514,0.0,0,0,290,1150,1899,2016-05-10,0,,,,,,,,,,,,1.433
2320127002,6424,4.32999992370605,4.32999992370605,0.0,0.0,0.0,4.32999992370605,0.0,0,0,300,1140,1903,2016-05-11,0,,,,,,,,,,,,1.437
2320127002,2661,1.78999996185303,1.78999996185303,0.0,0.0,0.0,1.78999996185303,0.0,0,0,128,830,1125,2016-05-12,0,,,,,,,,,,,,1.285
2347167796,10113,6.82999992370605,6.82999992370605,0.0,2.0,0.620000004768372,4.19999980926514,0.0,28,13,320,964,2344,2016-04-12,0,,,,,,,,86.1,57.0,172.0,6753.0,1.731
2347167796,10352,7.01000022888184,7.01000022888184,0.0,1.6599999666214,1.94000005722046,3.41000008583069,0.0,19,32,195,676,2038,2016-04-13,0,1.0,467.0,531.0,,,,,73.8,55.0,158.0,9268.0,1.505
2347167796,10129,6.69999980926514,6.69999980926514,0.0,0.0199999995529652,2.74000000953674,3.94000005722046,0.0,1,48,206,705,2010,2016-04-14,0,1.0,445.0,489.0,,,,,72.6,52.0,154.0,9153.0,1.484
2347167796,10465,6.92000007629395,6.92000007629395,0.0,0.0700000002980232,1.41999995708466,5.42999982833862,0.0,1,24,284,720,2133,2016-04-15,0,1.0,452.0,504.0,,,,,75.7,55.0,136.0,9557.0,1.575
2347167796,22244,15.0799999237061,15.0799999237061,0.0,5.44999980926514,4.09999990463257,5.53000020980835,0.0,66,72,268,968,2670,2016-04-16,0,,,,,,,,96.6,58.0,168.0,9035.0,1.972
2347167796,5472,3.61999988555908,3.61999988555908,0.0,0.0799999982118607,0.280000001192093,3.25999999046326,0.0,1,7,249,508,1882,2016-04-17,0,1.0,556.0,602.0,,,,,75.4,55.0,134.0,8990.0,1.39
2347167796,8247,5.44999980926514,5.44999980926514,0.0,0.790000021457672,0.860000014305115,3.78999996185303,0.0,11,16,206,678,1944,2016-04-18,0,1.0,500.0,557.0,,,,,71.2,53.0,134.0,9339.0,1.436
2347167796,6711,4.44000005722046,4.44000005722046,0.0,0.0,0.0,4.44000005722046,0.0,0,7,382,648,2346,2016-04-19,0,1.0,465.0,514.0,,,,,81.3,53.0,195.0,7824.0,1.732
2347167796,10999,7.26999998092651,7.26999998092651,0.0,0.680000007152557,1.80999994277954,4.78000020980835,0.0,11,43,269,1011,2198,2016-04-20,0,,,,,,,,78.2,53.0,161.0,7156.0,1.623
2347167796,10080,6.75,6.75,0.0,1.85000002384186,1.52999997138977,3.38000011444092,0.0,23,26,208,761,2048,2016-04-21,0,1.0,460.0,484.0,,,,,73.4,51.0,171.0,9289.0,1.513
2347167796,7804,5.15999984741211,5.15999984741211,0.0,0.560000002384186,1.67999994754791,2.92000007629395,0.0,9,27,206,781,1946,2016-04-22,0,1.0,405.0,461.0,,,,,72.0,53.0,165.0,9172.0,1.437
2347167796,16901,11.3699998855591,11.3699998855591,0.0,2.77999997138977,1.45000004768372,7.15000009536743,0.0,32,35,360,591,2629,2016-04-23,0,1.0,374.0,386.0,,,,,83.4,53.0,157.0,9543.0,1.941
2347167796,9471,6.26000022888184,6.26000022888184,0.0,0.0,0.0,6.26000022888184,0.0,0,0,360,584,2187,2016-04-24,0,1.0,442.0,459.0,,,,,77.6,54.0,127.0,8832.0,1.614
2347167796,9482,6.38000011444092,6.38000011444092,0.0,1.26999998092651,0.519999980926514,4.59999990463257,0.0,15,11,277,653,2095,2016-04-25,0,1.0,433.0,471.0,,,,,73.9,53.0,160.0,9528.0,1.547
2347167796,5980,3.95000004768372,3.95000004768372,0.0,0.0,0.0,3.95000004768372,0.0,0,0,227,732,1861,2016-04-26,0,1.0,436.0,490.0,,,,,71.7,49.0,122.0,9023.0,1.374
2347167796,11423,7.57999992370605,7.57999992370605,0.0,1.86000001430511,0.400000005960464,5.32000017166138,0.0,26,9,295,623,2194,2016-04-27,0,1.0,448.0,499.0,,,,,75.2,51.0,144.0,8842.0,1.62
2347167796,5439,3.59999990463257,3.59999990463257,0.0,0.0,0.0,3.59999990463257,0.0,0,0,229,764,1854,2016-04-28,0,1.0,408.0,450.0,,,,,73.4,55.0,138.0,9015.0,1.369
2347167796,42,0.0299999993294477,0.0299999993294477,0.0,0.0,0.0,0.0299999993294477,0.0,0,0,4,2,403,2016-04-29,0,1.0,411.0,473.0,,,,,62.9,54.0,85.0,2364.0,1.018
2873212765,8796,5.90999984741211,5.90999984741211,0.0,0.109999999403954,0.930000007152557,4.88000011444092,0.0,2,21,356,1061,1982,2016-04-12,0,,,,,,,,,,,,1.567
2873212765,7618,5.11999988555908,5.11999988555908,0.0,0.0,0.219999998807907,4.88000011444092,0.0199999995529652,0,8,404,1028,2004,2016-04-13,0,,,,,,,,,,,,1.585
2873212765,7910,5.32000017166138,5.32000017166138,0.0,0.0,0.0,5.32000017166138,0.0,0,0,331,1109,1893,2016-04-14,0,,,,,,,,,,,,1.497
2873212765,8482,5.69999980926514,5.69999980926514,0.0,0.0,0.0,5.69000005722046,0.0099999997764825,0,0,448,992,2063,2016-04-15,0,,,,,,,,,,,,1.632
2873212765,9685,6.65000009536743,6.65000009536743,0.0,3.10999989509583,0.0199999995529652,3.50999999046326,0.0099999997764825,47,1,305,1087,2148,2016-04-16,0,,,,,,,,,,,,1.7
2873212765,2524,1.70000004768372,1.70000004768372,0.0,0.0,0.349999994039536,1.3400000333786,0.0,0,8,160,1272,1529,2016-04-17,0,,,,,,,,,,,,1.21
2873212765,7762,5.23999977111816,5.23999977111816,0.0,0.0700000002980232,0.280000001192093,4.8899998664856,0.0,1,6,311,1122,1890,2016-04-18,0,,,,,,,,,,,,1.495
2873212765,7948,5.36999988555908,5.36999988555908,0.0,0.0,0.0,5.3600001335144,0.0,0,0,389,1051,1956,2016-04-19,0,,,,,,,,,,,,1.547
2873212765,9202,6.30000019073486,6.30000019073486,0.0,1.50999999046326,0.119999997317791,4.65999984741211,0.0099999997764825,22,5,378,1035,2094,2016-04-20,0,,,,,,,,,,,,1.662
2873212765,8859,5.98000001907349,5.98000001907349,0.0,0.129999995231628,0.370000004768372,5.46999979019165,0.0099999997764825,2,10,371,1057,1970,2016-04-21,0,,,,56.7000007629395,125.002104340889,21.4500007629395,True,,,,,1.565
2873212765,7286,4.90000009536743,4.90000009536743,0.0,0.46000000834465,0.0,4.42000007629395,0.0199999995529652,46,0,366,1028,2241,2016-04-22,0,,,,,,,,,,,,1.549
2873212765,9317,6.34999990463257,6.34999990463257,0.0,2.08999991416931,0.230000004172325,4.01999998092651,0.0099999997764825,28,5,330,1077,2021,2016-04-23,0,,,,,,,,,,,,1.605
2873212765,6873,4.67999982833862,4.67999982833862,0.0,3.0,0.0599999986588955,1.62000000476837,0.0,46,1,190,1203,1898,2016-04-24,0,,,,,,,,,,,,1.507
2873212765,7373,4.94999980926514,4.94999980926514,0.0,0.0,0.0,4.94999980926514,0.0,0,0,359,1081,1907,2016-04-25,0,,,,,,,,,,,,1.514
2873212765,8242,5.53999996185303,5.53999996185303,0.0,0.119999997317791,0.180000007152557,5.23999977111816,0.0,2,5,309,1124,1882,2016-04-26,0,,,,,,,,,,,,1.495
2873212765,3516,2.35999989509583,2.35999989509583,0.0,0.0,0.0,2.35999989509583,0.0,46,0,197,1197,1966,2016-04-27,0,,,,,,,,,,,,1.561
2873212765,7913,5.40999984741211,5.40999984741211,0.0,2.16000008583069,0.340000003576279,2.91000008583069,0.0,28,7,213,1192,1835,2016-04-28,0,,,,,,,,,,,,1.458
2873212765,7365,4.94999980926514,4.94999980926514,0.0,1.36000001430511,1.4099999666214,2.1800000667572,0.0,20,23,206,1191,1780,2016-04-29,0,,,,,,,,,,,,1.414
2873212765,8452,5.67999982833862,5.67999982833862,0.0,0.330000013113022,1.08000004291534,4.26000022888184,0.0099999997764825,5,20,248,1167,1830,2016-04-30,0,,,,,,,,,,,,1.454
2873212765,7399,4.96999979019165,4.96999979019165,0.0,0.490000009536743,1.03999996185303,3.44000005722046,0.0,7,18,196,1219,1739,2016-05-01,0,,,,,,,,,,,,1.382
2873212765,7525,5.05999994277954,5.05999994277954,0.0,0.0,0.209999993443489,4.82999992370605,0.0199999995529652,0,7,334,1099,1878,2016-05-02,0,,,,,,,,,,,,1.492
2873212765,7412,4.98000001907349,4.98000001907349,0.0,0.0599999986588955,0.25,4.65999984741211,0.0099999997764825,1,6,363,1070,1906,2016-05-03,0,,,,,,,,,,,,1.514
2873212765,8278,5.55999994277954,5.55999994277954,0.0,0.0,0.0,5.55999994277954,0.0,0,0,420,1020,2015,2016-05-04,0,,,,,,,,,,,,1.6
2873212765,8314,5.6100001335144,5.6100001335144,0.0,0.779999971389771,0.800000011920929,4.03000020980835,0.0,13,23,311,1093,1971,2016-05-05,0,,,,,,,,,,,,1.565
2873212765,7063,4.75,4.75,0.0,0.0,0.119999997317791,4.6100001335144,0.0099999997764825,0,5,370,1065,1910,2016-05-06,0,,,,,,,,,,,,1.517
2873212765,4940,3.38000011444092,3.38000011444092,0.0,2.27999997138977,0.550000011920929,0.550000011920929,0.0,75,11,52,1302,1897,2016-05-07,0,,,,,,,,,,,,1.506
2873212765,8168,5.53999996185303,5.53999996185303,0.0,2.90000009536743,0.0,2.64000010490417,0.0,46,0,326,1068,2096,2016-05-08,0,,,,,,,,,,,,1.664
2873212765,7726,5.19000005722046,5.19000005722046,0.0,0.0,0.0,5.19000005722046,0.0,0,0,345,1095,1906,2016-05-09,0,,,,,,,,,,,,1.514
2873212765,8275,5.55999994277954,5.55999994277954,0.0,0.0,0.0,5.55000019073486,0.0099999997764825,0,0,373,1067,1962,2016-05-10,0,,,,,,,,,,,,1.558
2873212765,6440,4.32999992370605,4.32999992370605,0.0,0.0,0.0,4.32000017166138,0.0099999997764825,0,0,319,1121,1826,2016-05-11,0,,,,,,,,,,,,1.444
2873212765,7566,5.1100001335144,5.1100001335144,0.0,0.0,0.0,5.1100001335144,0.0,0,0,268,720,1431,2016-05-12,0,,,,57.2999992370605,126.324874550011,21.6900005340576,True,,,,,1.652
3372868164,4747,3.24000000953674,3.24000000953674,0.0,0.0,0.0,3.23000001907349,0.0099999997764825,0,0,280,1160,1788,2016-04-12,0,,,,,,,,,,,,1.328
3372868164,9715,6.63000011444092,6.63000011444092,0.0,0.990000009536743,0.340000003576279,5.26999998092651,0.0199999995529652,16,8,371,1045,2093,2016-04-13,0,,,,,,,,,,,,1.554
3372868164,8844,6.03000020980835,6.03000020980835,0.0,0.340000003576279,1.02999997138977,4.65000009536743,0.0099999997764825,6,25,370,1039,2065,2016-04-14,0,,,,,,,,,,,,1.533
3372868164,7451,5.07999992370605,5.07999992370605,0.0,0.0,0.0,5.05999994277954,0.0199999995529652,0,0,335,1105,1908,2016-04-15,0,,,,,,,,,,,,1.417
3372868164,6905,4.73000001907349,4.73000001907349,0.0,0.0,0.0,4.69999980926514,0.0299999993294477,0,0,356,1084,1908,2016-04-16,0,,,,,,,,,,,,1.417
3372868164,8199,5.88000011444092,5.88000011444092,0.0,1.4099999666214,0.100000001490116,4.3600001335144,0.0099999997764825,11,2,322,1105,1964,2016-04-17,0,,,,,,,,,,,,1.459
3372868164,6798,4.6399998664856,4.6399998664856,0.0,1.08000004291534,0.200000002980232,3.34999990463257,0.0,20,7,343,1070,2014,2016-04-18,0,,,,,,,,,,,,1.495
3372868164,7711,5.26000022888184,5.26000022888184,0.0,0.0,0.0,5.23999977111816,0.0199999995529652,0,0,376,1064,1985,2016-04-19,0,,,,,,,,,,,,1.474
3372868164,4880,3.32999992370605,3.32999992370605,0.0,0.839999973773956,0.0900000035762787,2.38000011444092,0.0199999995529652,15,3,274,1148,1867,2016-04-20,0,,,,,,,,,,,,1.387
3372868164,8857,6.07000017166138,6.07000017166138,0.0,1.14999997615814,0.259999990463257,4.6399998664856,0.0099999997764825,18,9,376,1037,2124,2016-04-21,0,,,,,,,,,,,,1.577
3372868164,3843,2.61999988555908,2.61999988555908,0.0,0.0,0.0,2.60999989509583,0.0099999997764825,0,0,206,1234,1669,2016-04-22,0,,,,,,,,,,,,1.24
3372868164,7396,5.07000017166138,5.07000017166138,0.0,1.39999997615814,0.0799999982118607,3.57999992370605,0.0,20,2,303,1115,1995,2016-04-23,0,,,,,,,,,,,,1.482
3372868164,6731,4.59000015258789,4.59000015258789,0.0,0.889999985694885,0.189999997615814,3.49000000953674,0.0199999995529652,14,7,292,1127,1921,2016-04-24,0,,,,,,,,,,,,1.427
3372868164,5995,4.09000015258789,4.09000015258789,0.0,0.0,0.0,4.09000015258789,0.0,0,0,416,1024,2010,2016-04-25,0,,,,,,,,,,,,1.493
3372868164,8283,5.78999996185303,5.78999996185303,0.0,1.85000002384186,0.0500000007450581,3.86999988555908,0.0099999997764825,22,2,333,1083,2057,2016-04-26,0,,,,,,,,,,,,1.527
3372868164,7904,5.42000007629395,5.42000007629395,0.0,1.58000004291534,0.629999995231628,3.19000005722046,0.0099999997764825,24,13,346,1057,2095,2016-04-27,0,,,,,,,,,,,,1.556
3372868164,5512,3.75999999046326,3.75999999046326,0.0,0.0,0.0,3.75999999046326,0.0,0,0,385,1055,1972,2016-04-28,0,,,,,,,,,,,,1.465
3372868164,9135,6.23000001907349,6.23000001907349,0.0,0.0,0.0,6.21999979019165,0.0099999997764825,0,0,402,1038,2044,2016-04-29,0,,,,,,,,,,,,1.518
3372868164,5250,3.57999992370605,3.57999992370605,0.0,1.05999994277954,0.0900000035762787,2.42000007629395,0.0099999997764825,17,4,300,1119,1946,2016-04-30,0,,,,,,,,,,,,1.446
3372868164,3077,2.09999990463257,2.09999990463257,0.0,0.0,0.0,2.08999991416931,0.0,0,0,172,842,1237,2016-05-01,0,,,,,,,,,,,,1.299
3977333714,8856,5.98000001907349,5.98000001907349,0.0,3.05999994277954,0.910000026226044,2.00999999046326,0.0,44,19,131,777,1450,2016-04-12,0,1.0,274.0,469.0,,,,,,,,,1.434
3977333714,10035,6.71000003814697,6.71000003814697,0.0,2.02999997138977,2.13000011444092,2.54999995231628,0.0,31,46,153,754,1495,2016-04-13,0,2.0,295.0,456.0,,,,,,,,,1.478
3977333714,7641,5.1100001335144,5.1100001335144,0.0,0.319999992847443,0.970000028610229,3.8199999332428,0.0,5,23,214,801,1433,2016-04-14,0,1.0,291.0,397.0,,,,,,,,,1.416
3977333714,9010,6.05999994277954,6.05999994277954,0.0,1.04999995231628,1.75,3.25999999046326,0.0,15,42,183,644,1468,2016-04-15,0,1.0,424.0,556.0,,,,,,,,,1.451
3977333714,13459,9.0,9.0,0.0,2.02999997138977,4.0,2.97000002861023,0.0,31,83,153,663,1625,2016-04-16,0,1.0,283.0,510.0,,,,,,,,,1.606
3977333714,10415,6.96999979019165,6.96999979019165,0.0,0.699999988079071,2.34999990463257,3.92000007629395,0.0,11,58,205,600,1529,2016-04-17,0,1.0,381.0,566.0,,,,,,,,,1.512
3977333714,11663,7.80000019073486,7.80000019073486,0.0,0.25,3.73000001907349,3.8199999332428,0.0,4,95,214,605,1584,2016-04-18,0,2.0,412.0,522.0,,,,,,,,,1.566
3977333714,12414,8.77999973297119,8.77999973297119,0.0,2.24000000953674,2.45000004768372,3.96000003814697,0.0,19,67,221,738,1638,2016-04-19,0,1.0,219.0,395.0,,,,,,,,,1.612
3977333714,11658,7.82999992370605,7.82999992370605,0.0,0.200000002980232,4.34999990463257,3.27999997138977,0.0,2,98,164,845,1554,2016-04-20,0,2.0,152.0,305.0,,,,,,,,,1.536
3977333714,6093,4.07999992370605,4.07999992370605,0.0,0.0,0.0,4.05999994277954,0.0,0,0,242,712,1397,2016-04-21,0,1.0,332.0,512.0,,,,,,,,,1.38
3977333714,8911,5.96000003814697,5.96000003814697,0.0,2.32999992370605,0.579999983310699,3.05999994277954,0.0,33,12,188,731,1481,2016-04-22,0,1.0,355.0,476.0,,,,,,,,,1.464
3977333714,12058,8.06999969482422,8.06999969482422,0.0,0.0,4.21999979019165,3.84999990463257,0.0,0,92,252,724,1638,2016-04-23,0,1.0,235.0,372.0,,,,,,,,,1.62
3977333714,14112,10.0,10.0,0.0,3.26999998092651,4.55999994277954,2.17000007629395,0.0,30,95,129,660,1655,2016-04-24,0,1.0,310.0,526.0,,,,,,,,,1.636
3977333714,11177,8.47999954223633,8.47999954223633,0.0,5.61999988555908,0.430000007152557,2.41000008583069,0.0,50,9,133,781,1570,2016-04-25,0,1.0,262.0,467.0,,,,,,,,,1.55
3977333714,11388,7.61999988555908,7.61999988555908,0.0,0.449999988079071,4.21999979019165,2.95000004768372,0.0,7,95,170,797,1551,2016-04-26,0,1.0,250.0,371.0,,,,,,,,,1.534
3977333714,7193,5.03999996185303,5.03999996185303,0.0,0.0,0.419999986886978,4.61999988555908,0.0,0,10,176,714,1377,2016-04-27,0,1.0,349.0,540.0,,,,,,,,,1.361
3977333714,7114,4.88000011444092,4.88000011444092,0.0,1.37000000476837,0.28999999165535,3.22000002861023,0.0,15,8,190,804,1407,2016-04-28,0,1.0,261.0,423.0,,,,,,,,,1.391
3977333714,10645,7.75,7.75,0.0,3.74000000953674,1.29999995231628,2.71000003814697,0.0,36,32,150,744,1545,2016-04-29,0,1.0,333.0,478.0,,,,,,,,,1.527
3977333714,13238,9.19999980926514,9.19999980926514,0.0,3.69000005722046,2.09999990463257,3.41000008583069,0.0,43,52,194,687,1650,2016-04-30,0,1.0,237.0,382.0,,,,,,,,,1.631
3977333714,10414,7.07000017166138,7.07000017166138,0.0,2.67000007629395,1.98000001907349,2.41000008583069,0.0,41,40,124,691,1501,2016-05-01,0,1.0,383.0,626.0,,,,,,,,,1.484
3977333714,16520,11.0500001907349,11.0500001907349,0.0,1.53999996185303,6.48000001907349,3.01999998092651,0.0,24,143,176,713,1760,2016-05-02,0,1.0,230.0,384.0,,,,,,,,,1.74
3977333714,14335,9.59000015258789,9.59000015258789,0.0,3.3199999332428,1.74000000953674,4.53000020980835,0.0,47,41,258,594,1710,2016-05-03,0,1.0,292.0,500.0,,,,,,,,,1.69
3977333714,13559,9.4399995803833,9.4399995803833,0.0,1.80999994277954,4.57999992370605,2.89000010490417,0.0,14,96,142,852,1628,2016-05-04,0,1.0,213.0,336.0,,,,,,,,,1.601
3977333714,12312,8.57999992370605,8.57999992370605,0.0,1.75999999046326,4.1100001335144,2.71000003814697,0.0,14,88,178,680,1618,2016-05-05,0,1.0,318.0,480.0,,,,,,,,,1.599
3977333714,11677,8.27999973297119,8.27999973297119,0.0,3.10999989509583,2.50999999046326,2.67000007629395,0.0,29,55,168,676,1590,2016-05-06,0,1.0,323.0,512.0,,,,,,,,,1.571
3977333714,11550,7.73000001907349,7.73000001907349,0.0,0.0,4.13000011444092,3.58999991416931,0.0,0,86,208,703,1574,2016-05-07,0,1.0,237.0,443.0,,,,,,,,,1.556
3977333714,13585,9.09000015258789,9.09000015258789,0.0,0.680000007152557,5.23999977111816,3.17000007629395,0.0,9,116,171,688,1633,2016-05-08,0,2.0,259.0,456.0,,,,,,,,,1.615
3977333714,14687,10.0799999237061,10.0799999237061,0.0,0.769999980926514,5.59999990463257,3.54999995231628,0.0,8,122,151,1159,1667,2016-05-09,0,,,,,,,,,,,,1.639
3977333714,13072,8.77999973297119,8.77999973297119,0.0,0.0700000002980232,5.40000009536743,3.30999994277954,0.0,1,115,196,676,1630,2016-05-10,0,1.0,312.0,452.0,,,,,,,,,1.611
3977333714,746,0.5,0.5,0.0,0.370000004768372,0.0,0.129999995231628,0.0,4,0,9,13,52,2016-05-11,0,,,,,,,,,,,,
4020332650,8539,6.11999988555908,6.11999988555908,0.0,0.150000005960464,0.239999994635582,5.67999982833862,0.0,4,15,331,712,3654,2016-04-12,0,1.0,501.0,541.0,,,,,83.5,49.0,133.0,33963.0,1.842
4020332650,0,0.0,0.0,0.0,0.0,0.0,0.0,0.0,0,0,0,1440,1981,2016-04-13,1,,,,,,,,,,,,1.0
4020332650,108,0.0799999982118607,0.0799999982118607,0.0,0.0,0.0,0.0299999993294477,0.0,0,0,3,1437,2011,2016-04-14,0,,,,,,,,90.7,65.0,133.0,1448.0,1.008
4020332650,1882,1.35000002384186,1.35000002384186,0.0,0.209999993443489,0.360000014305115,0.769999980926514,0.0,36,18,87,1299,2951,2016-04-15,0,,,,,,,,92.9,51.0,191.0,10947.0,1.489
4020332650,1982,1.41999995708466,1.41999995708466,0.0,0.449999988079071,0.370000004768372,0.589999973773956,0.0,65,21,55,1222,3051,2016-04-16,0,1.0,77.0,77.0,,,,,100.9,62.0,143.0,8523.0,1.541
4020332650,16,0.0099999997764825,0.0099999997764825,0.0,0.0,0.0,0.0099999997764825,0.0,0,0,2,1438,1990,2016-04-17,0,,,,,,,,98.8,66.0,116.0,69.0,1.004
4020332650,62,0.0399999991059303,0.0399999991059303,0.0,0.0,0.0,0.0399999991059303,0.0,0,0,2,1438,1995,2016-04-18,0,,,,,,,,,,,,1.007
4020332650,0,0.0,0.0,0.0,0.0,0.0,0.0,0.0,0,0,0,1440,1980,2016-04-19,1,,,,,,,,,,,,1.0
4020332650,0,0.0,0.0,0.0,0.0,0.0,0.0,0.0,0,0,0,1440,1980,2016-04-20,1,,,,,,,,,,,,1.0
4020332650,0,0.0,0.0,0.0,0.0,0.0,0.0,0.0,0,0,0,1440,1980,2016-04-21,1,,,,,,,,,,,,1.0
4020332650,0,0.0,0.0,0.0,0.0,0.0,0.0,0.0,0,0,0,1440,1980,2016-04-22,1,,,,,,,,,,,,1.0
4020332650,0,0.0,0.0,0.0,0.0,0.0,0.0,0.0,0,0,0,1440,1980,2016-04-23,1,,,,,,,,,,,,1.0
4020332650,0,0.0,0.0,0.0,0.0,0.0,0.0,0.0,0,0,0,1440,1980,2016-04-24,1,,,,,,,,,,,,1.0
4020332650,0,0.0,0.0,0.0,0.0,0.0,0.0,0.0,0,0,0,1440,1980,2016-04-25,1,,,,,,,,,,,,1.0
4020332650,0,0.0,0.0,0.0,0.0,0.0,0.0,0.0,0,0,0,1440,1980,2016-04-26,1,,,,,,,,,,,,1.0
4020332650,0,0.0,0.0,0.0,0.0,0.0,0.0,0.0,0,0,0,1440,1980,2016-04-27,1,,,,,,,,,,,,1.0
4020332650,0,0.0,0.0,0.0,0.0,0.0,0.0,0.0,0,0,0,1440,1980,2016-04-28,1,,,,,,,,,,,,1.0
4020332650,0,0.0,0.0,0.0,0.0,0.0,0.0,0.0,0,0,0,1440,1980,2016-04-29,1,,,,,,,,,,,,1.0
4020332650,0,0.0,0.0,0.0,0.0,0.0,0.0,0.0,0,0,0,1440,1980,2016-04-30,1,,,,,,,,,,,,1.0
4020332650,0,0.0,0.0,0.0,0.0,0.0,0.0,0.0,0,0,0,1440,1980,2016-05-01,1,,,,,,,,,,,,1.0
4020332650,475,0.340000003576279,0.340000003576279,0.0,0.0,0.0399999991059303,0.28999999165535,0.0,0,11,31,1350,2207,2016-05-02,0,,,,,,,,90.3,66.0,123.0,5566.0,1.115
4020332650,4496,3.22000002861023,3.22000002861023,0.0,0.0,0.0,3.15000009536743,0.0500000007450581,0,0,174,950,2828,2016-05-03,0,1.0,322.0,332.0,,,,,77.9,52.0,127.0,35580.0,1.426
4020332650,10252,7.34999990463257,7.34999990463257,0.0,0.670000016689301,1.03999996185303,5.57999992370605,0.0,13,46,346,531,3879,2016-05-04,0,1.0,478.0,536.0,,,,,83.5,49.0,147.0,37357.0,1.955
4020332650,11728,8.43000030517578,8.43000030517578,0.0,2.61999988555908,1.67999994754791,4.03999996185303,0.0700000002980232,38,42,196,916,3429,2016-05-05,0,1.0,226.0,248.0,,,,,85.6,49.0,126.0,21507.0,1.73
4020332650,4369,3.13000011444092,3.13000011444092,0.0,0.0,0.0,3.09999990463257,0.0099999997764825,0,0,177,855,2704,2016-05-06,0,1.0,385.0,408.0,,,,,75.6,50.0,116.0,25859.0,1.364
4020332650,6132,4.40000009536743,4.40000009536743,0.0,0.0,0.0,3.57999992370605,0.0,0,0,184,1256,2975,2016-05-07,0,,,,,,,,89.1,64.0,117.0,16695.0,1.435
4020332650,5862,4.19999980926514,4.19999980926514,0.0,0.0,0.0,4.15000009536743,0.0,0,0,263,775,3089,2016-05-08,0,1.0,364.0,402.0,,,,,78.0,51.0,131.0,33998.0,1.557
4020332650,4556,3.26999998092651,3.26999998092651,0.0,0.200000002980232,0.119999997317791,2.94000005722046,0.0,3,5,173,1225,2785,2016-05-09,0,,,,,,,,86.7,55.0,155.0,15180.0,1.406
4020332650,5546,3.98000001907349,3.98000001907349,0.0,0.0,0.0,3.86999988555908,0.0399999991059303,0,0,206,774,2926,2016-05-10,0,1.0,442.0,494.0,,,,,72.6,46.0,142.0,29101.0,1.472
4020332650,3689,2.65000009536743,2.65000009536743,0.0,0.109999999403954,0.170000001788139,2.32999992370605,0.0,2,8,134,1296,2645,2016-05-11,0,,,,,,,,91.2,64.0,133.0,8626.0,1.333
4020332650,590,0.419999986886978,0.419999986886978,0.0,0.0,0.0,0.409999996423721,0.0,0,0,21,721,1120,2016-05-12,0,,,,,,,,94.3,70.0,125.0,1042.0,1.04
4057192912,5394,4.03000020980835,4.03000020980835,0.0,0.0,0.0,3.94000005722046,0.0,0,0,164,1276,2286,2016-04-12,0,,,,,,,,,,,,1.28
4057192912,5974,4.46999979019165,4.46999979019165,0.0,0.0,0.0,4.36999988555908,0.0,0,0,160,1280,2306,2016-04-13,0,,,,,,,,,,,,1.289
4057192912,0,0.0,0.0,0.0,0.0,0.0,0.0,0.0,0,0,0,1440,1776,2016-04-14,1,,,,,,,,,,,,1.0
4057192912,3984,2.95000004768372,2.95000004768372,0.0,0.209999993443489,0.259999990463257,2.44000005722046,0.0,3,6,88,873,1527,2016-04-15,0,,,,,,,,,,,,1.275
4319703577,7753,5.19999980926514,5.19999980926514,0.0,0.0,0.0,0.0,0.0,0,0,0,1440,2115,2016-04-12,0,,,,,,,,,,,,1.0
4319703577,8204,5.5,5.5,0.0,0.529999971389771,0.589999973773956,1.30999994277954,0.0,8,15,96,1234,2135,2016-04-13,0,,,,,,,,,,,,1.201
4319703577,10210,6.88000011444092,6.88000011444092,0.0,0.109999999403954,0.330000013113022,6.44000005722046,0.0,1,9,339,589,2302,2016-04-14,0,1.0,535.0,557.0,,,,,,,,,1.579
4319703577,5664,3.79999995231628,3.79999995231628,0.0,0.0,0.0,3.79999995231628,0.0,0,0,228,752,1985,2016-04-15,0,1.0,465.0,491.0,,,,,,,,,1.361
4319703577,4744,3.1800000667572,3.1800000667572,0.0,0.0,0.0,3.1800000667572,0.0,0,0,194,724,1884,2016-04-16,0,1.0,506.0,522.0,,,,,,,,,1.292
4319703577,29,0.0199999995529652,0.0199999995529652,0.0,0.0,0.0,0.0199999995529652,0.0,0,0,3,1363,1464,2016-04-17,0,,,,72.4000015258789,159.614681185927,27.4500007629395,True,,,,,1.004
4319703577,2276,1.54999995231628,1.54999995231628,0.0,0.0700000002980232,0.330000013113022,1.12000000476837,0.0,1,9,58,824,1632,2016-04-18,0,1.0,515.0,551.0,,,,,,,,,1.122
4319703577,8925,5.98999977111816,5.98999977111816,0.0,0.0,0.0,5.98999977111816,0.0,0,0,311,604,2200,2016-04-19,0,2.0,461.0,498.0,,,,,,,,,1.511
4319703577,8954,6.01000022888184,6.01000022888184,0.0,0.0,0.680000007152557,5.30999994277954,0.0,0,18,306,671,2220,2016-04-20,0,1.0,523.0,543.0,,,,,,,,,1.521
4319703577,3702,2.48000001907349,2.48000001907349,0.0,0.0,0.0,0.349999994039536,0.0,0,0,34,1265,1792,2016-04-21,0,1.0,59.0,65.0,,,,,,,,,1.048
4319703577,4500,3.01999998092651,3.01999998092651,0.0,0.0599999986588955,0.810000002384186,2.15000009536743,0.0,1,19,176,709,1886,2016-04-22,0,1.0,533.0,550.0,,,,,,,,,1.296
4319703577,4935,3.30999994277954,3.30999994277954,0.0,0.0,0.0,3.30999994277954,0.0,0,0,233,546,1945,2016-04-23,0,1.0,692.0,722.0,,,,,,,,,1.336
4319703577,4081,2.74000000953674,2.74000000953674,0.0,0.0599999986588955,0.200000002980232,2.47000002861023,0.0,1,5,191,692,1880,2016-04-24,0,1.0,467.0,501.0,,,,,,,,,1.292
4319703577,9259,6.21000003814697,6.21000003814697,0.0,0.0,0.280000001192093,5.92999982833862,0.0,0,8,390,544,2314,2016-04-25,0,1.0,488.0,506.0,,,,,,,,,1.59
4319703577,9899,6.6399998664856,6.6399998664856,0.0,0.569999992847443,0.920000016689301,5.15000009536743,0.0,8,21,288,649,2236,2016-04-26,0,1.0,505.0,516.0,,,,,,,,,1.536
4319703577,10780,7.23000001907349,7.23000001907349,0.0,0.409999996423721,1.91999995708466,4.90999984741211,0.0,6,47,300,680,2324,2016-04-27,0,1.0,286.0,307.0,,,,,,,,,1.597
4319703577,10817,7.28000020980835,7.28000020980835,0.0,1.00999999046326,0.330000013113022,5.94000005722046,0.0,13,8,359,552,2367,2016-04-28,0,1.0,497.0,522.0,,,,,,,,,1.626
4319703577,7990,5.3600001335144,5.3600001335144,0.0,0.449999988079071,0.790000021457672,4.11999988555908,0.0,6,18,289,624,2175,2016-04-29,0,1.0,523.0,546.0,,,,,,,,,1.495
4319703577,8221,5.51999998092651,5.51999998092651,0.0,0.400000005960464,1.61000001430511,3.50999999046326,0.0,6,38,196,695,2092,2016-04-30,0,1.0,490.0,516.0,,,,,,,,,1.437
4319703577,1251,0.839999973773956,0.839999973773956,0.0,0.0,0.0,0.839999973773956,0.0,0,0,67,836,1593,2016-05-01,0,1.0,484.0,500.0,,,,,,,,,1.095
4319703577,9261,6.23999977111816,6.23999977111816,0.0,0.0,0.439999997615814,5.71000003814697,0.0,0,11,344,585,2270,2016-05-02,0,1.0,478.0,506.0,,,,,,,,,1.556
4319703577,9648,6.46999979019165,6.46999979019165,0.0,0.579999983310699,1.07000005245209,4.82999992370605,0.0,8,26,287,669,2235,2016-05-03,0,1.0,474.0,512.0,,,,,,,,,1.536
4319703577,10429,7.01999998092651,7.01999998092651,0.0,0.589999973773956,0.579999983310699,5.84999990463257,0.0,8,13,313,1106,2282,2016-05-04,0,,,,72.3000030517578,159.394222287729,27.3799991607666,True,,,,,1.568
4319703577,13658,9.48999977111816,9.48999977111816,0.0,2.63000011444092,1.4099999666214,5.44999980926514,0.0,27,34,328,957,2530,2016-05-05,0,,,,,,,,,,,,1.738
4319703577,9524,6.42000007629395,6.42000007629395,0.0,0.409999996423721,0.469999998807907,5.46000003814697,0.0,6,11,314,692,2266,2016-05-06,0,1.0,450.0,491.0,,,,,,,,,1.555
4319703577,7937,5.32999992370605,5.32999992370605,0.0,0.189999997615814,1.04999995231628,4.07999992370605,0.0,3,28,279,586,2158,2016-05-07,0,1.0,507.0,530.0,,,,,,,,,1.485
4319703577,3672,2.46000003814697,2.46000003814697,0.0,0.0,0.0,2.46000003814697,0.0,0,0,153,603,1792,2016-05-08,0,1.0,602.0,638.0,,,,,,,,,1.232
4319703577,10378,6.96000003814697,6.96000003814697,0.0,0.140000000596046,0.560000002384186,6.25,0.0,2,14,374,490,2345,2016-05-09,0,1.0,535.0,565.0,,,,,,,,,1.613
4319703577,9487,6.36999988555908,6.36999988555908,0.0,0.209999993443489,0.46000000834465,5.69999980926514,0.0,3,12,329,555,2260,2016-05-10,0,1.0,487.0,517.0,,,,,,,,,1.555
4319703577,9129,6.13000011444092,6.13000011444092,0.0,0.200000002980232,0.740000009536743,5.17999982833862,0.0,3,18,311,574,2232,2016-05-11,0,1.0,529.0,558.0,,,,,,,,,1.535
4319703577,17,0.0099999997764825,0.0099999997764825,0.0,0.0,0.0,0.0099999997764825,0.0,0,0,2,0,257,2016-05-12,0,1.0,302.0,321.0,,,,,,,,,1.019
4388161847,10122,7.78000020980835,7.78000020980835,0.0,0.0,0.0,0.0,0.0,0,0,0,1440,2955,2016-04-12,0,,,,,,,,,,,,1.0
4388161847,10993,8.44999980926514,8.44999980926514,0.0,0.0599999986588955,0.629999995231628,3.88000011444092,0.0,1,14,150,1275,3092,2016-04-13,0,,,,,,,,67.0,45.0,130.0,8208.0,1.337
4388161847,8863,6.82000017166138,6.82000017166138,0.0,0.129999995231628,1.07000005245209,5.61999988555908,0.0,10,35,219,945,2998,2016-04-14,0,,,,,,,,68.4,48.0,132.0,7392.0,1.596
4388161847,8758,6.73000001907349,6.73000001907349,0.0,0.0,0.0,6.73000001907349,0.0,0,0,299,837,3066,2016-04-15,0,1.0,499.0,526.0,,,,,67.5,44.0,127.0,9205.0,1.633
4388161847,6580,5.05999994277954,5.05999994277954,0.0,0.209999993443489,0.400000005960464,4.44999980926514,0.0,6,9,253,609,3073,2016-04-16,0,2.0,426.0,448.0,,,,,75.5,56.0,142.0,8970.0,1.636
4388161847,4660,3.57999992370605,3.57999992370605,0.0,0.0,0.0,3.57999992370605,0.0,0,0,201,721,2572,2016-04-17,0,2.0,619.0,641.0,,,,,66.4,49.0,113.0,8550.0,1.37
4388161847,11009,9.10000038146973,9.10000038146973,0.0,3.55999994277954,0.400000005960464,5.1399998664856,0.0,27,8,239,1017,3274,2016-04-18,0,1.0,99.0,104.0,,,,,81.5,50.0,176.0,8051.0,1.743
4388161847,10181,7.82999992370605,7.82999992370605,0.0,1.37000000476837,0.689999997615814,5.76999998092651,0.0,20,16,249,704,3015,2016-04-19,0,1.0,329.0,338.0,,,,,65.5,46.0,136.0,9274.0,1.605
4388161847,10553,8.11999988555908,8.11999988555908,0.0,1.10000002384186,1.72000002861023,5.28999996185303,0.0,19,42,228,696,3083,2016-04-20,0,1.0,421.0,451.0,,,,,65.4,46.0,149.0,9216.0,1.642
4388161847,10055,7.73000001907349,7.73000001907349,0.0,0.370000004768372,0.389999985694885,6.98000001907349,0.0,7,12,272,853,3069,2016-04-21,0,1.0,442.0,458.0,,,,,63.1,42.0,146.0,7907.0,1.634
4388161847,12139,9.34000015258789,9.34000015258789,0.0,3.29999995231628,1.11000001430511,4.92000007629395,0.0,77,25,220,945,3544,2016-04-22,0,1.0,82.0,85.0,,,,,73.3,49.0,149.0,7298.0,1.887
4388161847,13236,10.1800003051758,10.1800003051758,0.0,4.5,0.319999992847443,5.34999990463257,0.0,58,5,215,749,3306,2016-04-23,0,1.0,478.0,501.0,,,,,67.1,44.0,158.0,9326.0,1.761
4388161847,10243,7.88000011444092,7.88000011444092,0.0,1.08000004291534,0.509999990463257,6.30000019073486,0.0,14,8,239,584,2885,2016-04-24,0,3.0,552.0,595.0,,,,,62.1,44.0,139.0,8663.0,1.536
4388161847,12961,9.97000026702881,9.97000026702881,0.0,0.730000019073486,1.39999997615814,7.84000015258789,0.0,11,31,301,1054,3288,2016-04-25,0,,,,,,,,67.5,45.0,150.0,7759.0,1.751
4388161847,9461,7.28000020980835,7.28000020980835,0.0,0.939999997615814,1.05999994277954,5.26999998092651,0.0,14,23,224,673,2929,2016-04-26,0,1.0,319.0,346.0,,,,,62.5,42.0,128.0,9229.0,1.56
4388161847,11193,8.60999965667725,8.60999965667725,0.0,0.699999988079071,2.50999999046326,5.3899998664856,0.0,11,48,241,684,3074,2016-04-27,0,1.0,439.0,500.0,,,,,62.1,42.0,153.0,9351.0,1.637
4388161847,10074,7.75,7.75,0.0,1.28999996185303,0.430000007152557,6.03000020980835,0.0,19,9,234,878,2969,2016-04-28,0,1.0,428.0,458.0,,,,,62.3,41.0,131.0,7786.0,1.581
4388161847,9232,7.09999990463257,7.09999990463257,0.0,0.800000011920929,0.889999985694885,5.42000007629395,0.0,13,16,236,1175,2979,2016-04-29,0,,,,,,,,66.1,44.0,133.0,7489.0,1.586
4388161847,12533,9.64000034332275,9.64000034332275,0.0,0.699999988079071,2.0,6.94000005722046,0.0,14,43,300,537,3283,2016-04-30,0,2.0,409.0,430.0,,,,,64.2,45.0,113.0,9302.0,1.748
4388161847,10255,7.8899998664856,7.8899998664856,0.0,1.00999999046326,0.680000007152557,6.19999980926514,0.0,12,15,241,579,2926,2016-05-01,0,1.0,547.0,597.0,,,,,60.0,39.0,105.0,8837.0,1.558
4388161847,10096,8.39999961853027,8.39999961853027,0.0,3.76999998092651,0.0799999982118607,4.55000019073486,0.0,33,4,204,935,3147,2016-05-02,0,2.0,368.0,376.0,,,,,66.4,43.0,180.0,8216.0,1.676
4388161847,12727,9.78999996185303,9.78999996185303,0.0,1.12999999523163,0.779999971389771,7.88000011444092,0.0,18,18,306,984,3290,2016-05-03,0,,,,,,,,66.6,44.0,135.0,7740.0,1.752
4388161847,12375,9.52000045776367,9.52000045776367,0.0,2.78999996185303,0.930000007152557,5.80000019073486,0.0,35,21,251,632,3162,2016-05-04,0,1.0,390.0,414.0,,,,,61.9,42.0,126.0,9172.0,1.684
4388161847,9603,7.38000011444092,7.38000011444092,0.0,0.629999995231628,1.66999995708466,5.09000015258789,0.0,12,39,199,896,2899,2016-05-05,0,1.0,471.0,495.0,,,,,61.0,42.0,123.0,7797.0,1.544
4388161847,13175,10.1300001144409,10.1300001144409,0.0,2.10999989509583,2.08999991416931,5.92999982833862,0.0,33,45,262,1100,3425,2016-05-06,0,,,,,,,,69.1,47.0,151.0,8188.0,1.824
4388161847,22770,17.5400009155273,17.5400009155273,0.0,9.44999980926514,2.76999998092651,5.32999992370605,0.0,120,56,260,508,4022,2016-05-07,0,1.0,472.0,496.0,,,,,66.6,41.0,153.0,9609.0,2.142
4388161847,17298,14.3800001144409,14.3800001144409,0.0,9.89000034332275,1.25999999046326,3.23000001907349,0.0,107,38,178,576,3934,2016-05-08,0,2.0,529.0,541.0,,,,,76.8,43.0,171.0,9241.0,2.095
4388161847,10218,7.8600001335144,7.8600001335144,0.0,0.340000003576279,0.730000019073486,6.78999996185303,0.0,6,19,258,1020,3013,2016-05-09,0,1.0,62.0,65.0,,,,,64.1,44.0,140.0,7425.0,1.604
4388161847,10299,7.92000007629395,7.92000007629395,0.0,0.810000002384186,0.649999976158142,6.46000003814697,0.0,13,14,267,648,3061,2016-05-10,0,1.0,354.0,375.0,,,,,61.2,41.0,121.0,9285.0,1.63
4388161847,10201,7.84000015258789,7.84000015258789,0.0,0.529999971389771,0.790000021457672,6.53000020980835,0.0,8,18,256,858,2954,2016-05-11,0,1.0,469.0,494.0,,,,,60.0,40.0,125.0,8026.0,1.573
4388161847,3369,2.58999991416931,2.58999991416931,0.0,0.0,0.0,2.58999991416931,0.0,0,0,108,825,1623,2016-05-12,0,,,,,,,,60.2,44.0,136.0,3236.0,1.324
4445114986,3276,2.20000004768372,2.20000004768372,0.0,0.0,0.0,2.20000004768372,0.0,0,0,196,787,2113,2016-04-12,0,2.0,429.0,457.0,,,,,,,,,1.277
4445114986,2961,1.99000000953674,1.99000000953674,0.0,0.0,0.0,1.99000000953674,0.0,0,0,194,840,2095,2016-04-13,0,2.0,370.0,406.0,,,,,,,,,1.266
4445114986,3974,2.67000007629395,2.67000007629395,0.0,0.0,0.0,2.67000007629395,0.0,0,0,231,717,2194,2016-04-14,0,1.0,441.0,492.0,,,,,,,,,1.326
4445114986,7198,4.82999992370605,4.82999992370605,0.0,0.0,0.0,4.82999992370605,0.0,0,0,350,711,2496,2016-04-15,0,2.0,337.0,379.0,,,,,,,,,1.508
4445114986,3945,2.65000009536743,2.65000009536743,0.0,0.0,0.0,2.65000009536743,0.0,0,0,225,716,2180,2016-04-16,0,1.0,462.0,499.0,,,,,,,,,1.318
4445114986,2268,1.51999998092651,1.51999998092651,0.0,0.0,0.0,1.51999998092651,0.0,0,0,114,1219,1933,2016-04-17,0,1.0,98.0,107.0,,,,,,,,,1.167
4445114986,6155,4.23999977111816,4.23999977111816,0.0,2.0,0.28999999165535,1.95000004768372,0.0,25,6,162,1247,2248,2016-04-18,0,,,,,,,,,,,,1.358
4445114986,2064,1.38999998569489,1.38999998569489,0.0,0.0,0.0,1.38999998569489,0.0,0,0,121,895,1954,2016-04-19,0,2.0,388.0,424.0,,,,,,,,,1.181
4445114986,2072,1.38999998569489,1.38999998569489,0.0,0.0,0.0,1.38999998569489,0.0,0,0,137,841,1974,2016-04-20,0,1.0,439.0,462.0,,,,,,,,,1.193
4445114986,3809,2.55999994277954,2.55999994277954,0.0,0.0,0.0,2.53999996185303,0.0,0,0,215,756,2150,2016-04-21,0,1.0,436.0,469.0,,,,,,,,,1.297
4445114986,6831,4.57999992370605,4.57999992370605,0.0,0.0,0.0,4.57999992370605,0.0,0,0,317,706,2432,2016-04-22,0,1.0,388.0,417.0,,,,,,,,,1.469
4445114986,4363,2.9300000667572,2.9300000667572,0.0,0.0,0.0,2.9300000667572,0.0,0,0,201,1239,2149,2016-04-23,0,,,,,,,,,,,,1.302
4445114986,5002,3.35999989509583,3.35999989509583,0.0,0.0,0.0,3.35999989509583,0.0,0,0,244,1196,2247,2016-04-24,0,,,,,,,,,,,,1.362
4445114986,3385,2.26999998092651,2.26999998092651,0.0,0.0,0.0,2.26999998092651,0.0,0,0,179,916,2070,2016-04-25,0,1.0,328.0,345.0,,,,,,,,,1.255
4445114986,6326,4.40999984741211,4.40999984741211,0.0,2.41000008583069,0.0399999991059303,1.96000003814697,0.0,29,1,180,839,2291,2016-04-26,0,2.0,353.0,391.0,,,,,,,,,1.389
4445114986,7243,5.03000020980835,5.03000020980835,0.0,2.61999988555908,0.0299999993294477,2.38000011444092,0.0,32,1,194,839,2361,2016-04-27,0,1.0,332.0,374.0,,,,,,,,,1.431
4445114986,4493,3.00999999046326,3.00999999046326,0.0,0.0,0.0,3.00999999046326,0.0,0,0,236,762,2203,2016-04-28,0,1.0,419.0,442.0,,,,,,,,,1.335
4445114986,4676,3.14000010490417,3.14000010490417,0.0,0.0,0.0,3.13000011444092,0.0,0,0,226,1106,2196,2016-04-29,0,1.0,106.0,108.0,,,,,,,,,1.33
4445114986,6222,4.17999982833862,4.17999982833862,0.0,0.0,0.0,4.17999982833862,0.0,0,0,290,797,2363,2016-04-30,0,1.0,322.0,353.0,,,,,,,,,1.432
4445114986,5232,3.50999999046326,3.50999999046326,0.0,0.0,0.0,3.50999999046326,0.0,0,0,240,741,2246,2016-05-01,0,2.0,439.0,459.0,,,,,,,,,1.361
4445114986,6910,4.75,4.75,0.0,2.21000003814697,0.189999997615814,2.34999990463257,0.0,27,4,200,667,2336,2016-05-02,0,1.0,502.0,542.0,,,,,,,,,1.416
4445114986,7502,5.17999982833862,5.17999982833862,0.0,2.48000001907349,0.109999999403954,2.57999992370605,0.0,30,2,233,725,2421,2016-05-03,0,2.0,417.0,450.0,,,,,,,,,1.467
4445114986,2923,1.96000003814697,1.96000003814697,0.0,0.0,0.0,1.96000003814697,0.0,0,0,180,897,2070,2016-05-04,0,2.0,337.0,363.0,,,,,,,,,1.255
4445114986,3800,2.54999995231628,2.54999995231628,0.0,0.119999997317791,0.239999994635582,2.1800000667572,0.0,2,6,185,734,2120,2016-05-05,0,2.0,462.0,513.0,,,,,,,,,1.285
4445114986,4514,3.02999997138977,3.02999997138977,0.0,0.0,0.0,3.02999997138977,0.0,0,0,229,809,2211,2016-05-06,0,2.0,374.0,402.0,,,,,,,,,1.34
4445114986,5183,3.58999991416931,3.58999991416931,0.0,2.13000011444092,0.189999997615814,1.25,0.0,26,4,108,866,2123,2016-05-07,0,2.0,401.0,436.0,,,,,,,,,1.287
4445114986,7303,4.90000009536743,4.90000009536743,0.0,0.0,0.25,4.65000009536743,0.0,0,8,308,733,2423,2016-05-08,0,1.0,361.0,391.0,,,,,,,,,1.469
4445114986,5275,3.53999996185303,3.53999996185303,0.0,0.0,0.0,3.53999996185303,0.0,0,0,266,641,2281,2016-05-09,0,1.0,457.0,533.0,,,,,,,,,1.383
4445114986,3915,2.63000011444092,2.63000011444092,0.0,0.0,0.0,2.63000011444092,0.0,0,0,231,783,2181,2016-05-10,0,1.0,405.0,426.0,,,,,,,,,1.322
4445114986,9105,6.1100001335144,6.1100001335144,0.0,2.25,1.0,2.85999989509583,0.0,34,22,232,622,2499,2016-05-11,0,1.0,499.0,530.0,,,,,,,,,1.515
4445114986,768,0.519999980926514,0.519999980926514,0.0,0.0,0.0,0.519999980926514,0.0,0,0,58,380,1212,2016-05-12,0,1.0,483.0,501.0,,,,,,,,,1.091
4558609924,5135,3.39000010490417,3.39000010490417,0.0,0.0,0.0,3.39000010490417,0.0,0,0,318,1122,1909,2016-04-12,0,,,,,,,,76.6,57.0,104.0,5973.0,1.429
4558609924,4978,3.28999996185303,3.28999996185303,0.0,1.24000000953674,0.439999997615814,1.61000001430511,0.0,19,7,127,1287,1722,2016-04-13,0,,,,,,,,85.1,64.0,144.0,2643.0,1.289
4558609924,6799,4.48999977111816,4.48999977111816,0.0,0.0,0.0,4.48999977111816,0.0,0,0,279,1161,1922,2016-04-14,0,,,,,,,,81.6,56.0,108.0,5331.0,1.439
4558609924,7795,5.15000009536743,5.15000009536743,0.0,0.589999973773956,0.839999973773956,3.73000001907349,0.0,17,30,262,1131,2121,2016-04-15,0,,,,,,,,90.9,58.0,146.0,8102.0,1.588
4558609924,7289,4.82000017166138,4.82000017166138,0.0,0.550000011920929,0.75,3.5,0.0,8,12,308,1112,1997,2016-04-16,0,,,,,,,,76.3,55.0,135.0,6881.0,1.49
4558609924,9634,6.40000009536743,6.40000009536743,0.0,0.550000011920929,1.13999998569489,4.71000003814697,0.0,7,19,304,1110,2117,2016-04-17,0,,,,,,,,83.2,57.0,136.0,6141.0,1.582
4558609924,8940,5.90999984741211,5.90999984741211,0.0,0.980000019073486,0.930000007152557,4.0,0.0,14,15,331,1080,2116,2016-04-18,0,,,,69.6999969482422,153.662190014971,27.25,True,80.5,55.0,141.0,6219.0,1.58
4558609924,5401,3.5699999332428,3.5699999332428,0.0,0.0500000007450581,0.360000014305115,3.16000008583069,0.0,1,9,248,1182,1876,2016-04-19,0,,,,,,,,83.1,61.0,132.0,4438.0,1.401
4558609924,4803,3.17000007629395,3.17000007629395,0.0,0.0,0.0,3.17000007629395,0.0,0,0,222,1218,1788,2016-04-20,0,,,,,,,,76.9,57.0,110.0,5135.0,1.336
4558609924,13743,9.07999992370605,9.07999992370605,0.0,0.419999986886978,0.970000028610229,7.69999980926514,0.0,6,21,432,844,2486,2016-04-21,0,1.0,126.0,137.0,,,,,85.7,54.0,121.0,7867.0,1.857
4558609924,9601,6.34999990463257,6.34999990463257,0.0,1.37000000476837,1.5,3.47000002861023,0.0,20,25,273,1122,2094,2016-04-22,0,,,,,,,,82.6,57.0,140.0,6277.0,1.564
4558609924,6890,4.55000019073486,4.55000019073486,0.0,0.340000003576279,0.200000002980232,4.01000022888184,0.0,5,5,308,1122,2085,2016-04-23,0,,,,,,,,85.9,60.0,133.0,6342.0,1.552
4558609924,8563,5.65999984741211,5.65999984741211,0.0,0.0,0.0,5.65000009536743,0.0,0,0,395,1045,2173,2016-04-24,0,,,,,,,,84.0,58.0,121.0,6533.0,1.614
4558609924,8095,5.34999990463257,5.34999990463257,0.0,0.589999973773956,0.25,4.51000022888184,0.0,18,10,340,993,2225,2016-04-25,0,,,,70.3000030517578,154.984977044029,27.4599990844727,True,82.5,55.0,163.0,6750.0,1.655
4558609924,9148,6.05000019073486,6.05000019073486,0.0,0.430000007152557,2.02999997138977,3.58999991416931,0.0,12,41,283,1062,2223,2016-04-26,0,1.0,103.0,121.0,,,,,91.3,59.0,148.0,7409.0,1.653
4558609924,9557,6.32000017166138,6.32000017166138,0.0,1.96000003814697,0.889999985694885,3.46000003814697,0.0,27,14,312,1087,2098,2016-04-27,0,,,,,,,,84.6,60.0,122.0,6494.0,1.561
4558609924,9451,6.25,6.25,0.0,0.0199999995529652,0.270000010728836,5.94999980926514,0.0,1,11,367,985,2185,2016-04-28,0,,,,,,,,85.6,59.0,133.0,7678.0,1.625
4558609924,7833,5.17999982833862,5.17999982833862,0.0,1.01999998092651,1.85000002384186,2.30999994277954,0.0,15,29,197,1096,1918,2016-04-29,0,1.0,171.0,179.0,,,,,80.6,53.0,139.0,6943.0,1.43
4558609924,10319,6.82000017166138,6.82000017166138,0.0,0.469999998807907,1.88999998569489,4.46000003814697,0.0,7,29,293,1111,2105,2016-04-30,0,,,,,,,,79.2,53.0,134.0,8817.0,1.569
4558609924,3428,2.26999998092651,2.26999998092651,0.0,0.0,0.0,2.26999998092651,0.0,0,0,190,1121,1692,2016-05-01,0,1.0,115.0,129.0,69.9000015258789,154.103124631302,27.3199996948242,True,70.8,53.0,127.0,5231.0,1.261
4558609924,7891,5.21999979019165,5.21999979019165,0.0,0.0,0.0,5.21999979019165,0.0,0,0,383,1057,2066,2016-05-02,0,,,,69.1999969482422,152.559878704046,27.0400009155273,True,78.7,55.0,108.0,6589.0,1.549
4558609924,5267,3.48000001907349,3.48000001907349,0.0,0.600000023841858,0.280000001192093,2.59999990463257,0.0,21,10,237,1172,1953,2016-05-03,0,,,,,,,,82.5,52.0,148.0,7355.0,1.465
4558609924,5232,3.46000003814697,3.46000003814697,0.0,0.0,0.0,3.46000003814697,0.0,0,0,252,1188,1842,2016-05-04,0,,,,,,,,76.8,54.0,127.0,5604.0,1.382
4558609924,10611,7.01000022888184,7.01000022888184,0.0,1.00999999046326,0.5,5.51000022888184,0.0,14,8,370,1048,2262,2016-05-05,0,,,,,,,,81.9,48.0,130.0,6702.0,1.696
4558609924,3755,2.48000001907349,2.48000001907349,0.0,0.0,0.0,2.48000001907349,0.0,0,0,202,1238,1722,2016-05-06,0,,,,,,,,71.9,51.0,110.0,5429.0,1.292
4558609924,8237,5.44000005722046,5.44000005722046,0.0,1.61000001430511,1.0,2.82999992370605,0.0,23,16,233,1116,1973,2016-05-07,0,,,,,,,,76.2,54.0,116.0,5431.0,1.48
4558609924,6543,4.32999992370605,4.32999992370605,0.0,1.79999995231628,0.5,2.01999998092651,0.0,66,35,238,1019,2666,2016-05-08,0,1.0,123.0,134.0,,,,,104.9,45.0,199.0,4606.0,2.001
4558609924,11451,7.57000017166138,7.57000017166138,0.0,0.430000007152557,1.62000000476837,5.51999998092651,0.0,6,30,339,1065,2223,2016-05-09,0,,,,69.0999984741211,152.339419805848,27.0,True,79.4,54.0,110.0,6643.0,1.669
4558609924,6435,4.25,4.25,0.0,0.740000009536743,1.12000000476837,2.39000010490417,0.0,11,18,220,1191,1889,2016-05-10,0,,,,,,,,75.8,50.0,147.0,6322.0,1.417
4558609924,9108,6.01999998092651,6.01999998092651,0.0,0.259999990463257,1.82000005245209,3.94000005722046,0.0,4,31,324,1081,2131,2016-05-11,0,,,,,,,,74.9,44.0,138.0,6441.0,1.599
4558609924,6307,4.17000007629395,4.17000007629395,0.0,0.0,0.0,4.17000007629395,0.0,0,0,247,736,1452,2016-05-12,0,,,,,,,,79.7,54.0,117.0,3842.0,1.579
4702921684,7213,5.88000011444092,5.88000011444092,0.0,0.0,0.0,5.84999990463257,0.0,0,0,263,718,2947,2016-04-12,0,1.0,425.0,439.0,,,,,,,,,1.461
4702921684,6877,5.57999992370605,5.57999992370605,0.0,0.0,0.0,5.57999992370605,0.0,0,0,258,777,2898,2016-04-13,0,2.0,400.0,430.0,,,,,,,,,1.436
4702921684,7860,6.36999988555908,6.36999988555908,0.0,0.0,0.0,6.36999988555908,0.0,0,0,271,772,2984,2016-04-14,0,1.0,384.0,415.0,,,,,,,,,1.48
4702921684,6506,5.28000020980835,5.28000020980835,0.0,0.0700000002980232,0.419999986886978,4.78999996185303,0.0,1,8,256,944,2896,2016-04-15,0,1.0,253.0,257.0,,,,,,,,,1.436
4702921684,11140,9.02999973297119,9.02999973297119,0.0,0.239999994635582,1.25,7.53999996185303,0.0,3,24,335,556,3328,2016-04-16,0,2.0,382.0,406.0,,,,,,,,,1.647
4702921684,12692,10.289999961853,10.289999961853,0.0,0.959999978542328,3.46000003814697,5.88000011444092,0.0,12,66,302,437,3394,2016-04-17,0,1.0,591.0,612.0,,,,,,,,,1.683
4702921684,9105,7.38000011444092,7.38000011444092,0.0,1.82000005245209,1.49000000953674,4.07000017166138,0.0,22,30,191,890,3013,2016-04-18,0,1.0,293.0,312.0,,,,,,,,,1.494
4702921684,6708,5.44000005722046,5.44000005722046,0.0,0.879999995231628,0.370000004768372,4.19000005722046,0.0,10,8,179,757,2812,2016-04-19,0,1.0,457.0,487.0,,,,,,,,,1.394
4702921684,8793,7.13000011444092,7.13000011444092,0.0,0.159999996423721,1.23000001907349,5.73000001907349,0.0,2,29,260,717,3061,2016-04-20,0,1.0,454.0,468.0,,,,,,,,,1.518
4702921684,6530,5.30000019073486,5.30000019073486,0.0,0.310000002384186,2.04999995231628,2.94000005722046,0.0,4,41,144,901,2729,2016-04-21,0,1.0,425.0,434.0,,,,,,,,,1.353
4702921684,1664,1.35000002384186,1.35000002384186,0.0,0.0,0.0,1.35000002384186,0.0,0,0,72,1341,2241,2016-04-22,0,,,,,,,,,,,,1.111
4702921684,15126,12.2700004577637,12.2700004577637,0.0,0.759999990463257,3.24000000953674,8.27000045776367,0.0,9,66,408,469,3691,2016-04-23,0,1.0,465.0,475.0,,,,,,,,,1.83
4702921684,15050,12.2200002670288,12.2200002670288,0.0,1.20000004768372,5.11999988555908,5.88000011444092,0.0,15,95,281,542,3538,2016-04-24,0,1.0,480.0,506.0,,,,,,,,,1.754
4702921684,9167,7.42999982833862,7.42999982833862,0.0,0.490000009536743,0.819999992847443,6.1100001335144,0.0,6,15,270,730,3064,2016-04-25,0,1.0,370.0,380.0,,,,,,,,,1.517
4702921684,6108,4.94999980926514,4.94999980926514,0.0,0.0700000002980232,0.349999994039536,4.53999996185303,0.0,1,8,216,765,2784,2016-04-26,0,1.0,421.0,429.0,,,,,,,,,1.38
4702921684,7047,5.71999979019165,5.71999979019165,0.0,0.0900000035762787,0.800000011920929,4.78000020980835,0.0,1,16,238,733,2908,2016-04-27,0,1.0,432.0,449.0,,,,,,,,,1.439
4702921684,9023,7.32000017166138,7.32000017166138,0.0,1.12999999523163,0.419999986886978,5.76999998092651,0.0,14,9,232,738,3033,2016-04-28,0,1.0,442.0,461.0,,,,,,,,,1.504
4702921684,9930,8.05000019073486,8.05000019073486,0.0,1.05999994277954,0.920000016689301,6.07000017166138,0.0,12,19,267,692,3165,2016-04-29,0,1.0,433.0,447.0,,,,,,,,,1.569
4702921684,10144,8.22999954223633,8.22999954223633,0.0,0.319999992847443,2.02999997138977,5.88000011444092,0.0,4,36,263,728,3115,2016-04-30,0,1.0,479.0,501.0,,,,,,,,,1.545
4702921684,0,0.0,0.0,0.0,0.0,0.0,0.0,0.0,0,0,0,1440,2017,2016-05-01,1,,,,,,,,,,,,1.0
4702921684,7245,5.92000007629395,5.92000007629395,0.0,0.379999995231628,1.74000000953674,3.75999999046326,0.0,5,40,195,1131,2859,2016-05-02,0,,,,,,,,,,,,1.417
4702921684,9454,7.67000007629395,7.67000007629395,0.0,0.0,0.0,7.67000007629395,0.0,0,0,313,729,3145,2016-05-03,0,1.0,327.0,373.0,,,,,,,,,1.558
4702921684,8161,6.61999988555908,6.61999988555908,0.0,0.340000003576279,0.730000019073486,5.53999996185303,0.0,4,15,251,757,3004,2016-05-04,0,1.0,412.0,434.0,,,,,,,,,1.489
4702921684,8614,6.98999977111816,6.98999977111816,0.0,0.670000016689301,0.219999998807907,6.09000015258789,0.0,8,5,241,745,3006,2016-05-05,0,1.0,414.0,428.0,,,,,,,,,1.49
4702921684,6943,5.63000011444092,5.63000011444092,0.0,0.0799999982118607,0.660000026226044,4.86999988555908,0.0,1,16,207,682,2859,2016-05-06,0,1.0,404.0,449.0,,,,,,,,,1.416
4702921684,14370,11.6499996185303,11.6499996185303,0.0,0.370000004768372,2.30999994277954,8.97000026702881,0.0,5,46,439,577,3683,2016-05-07,0,1.0,520.0,543.0,,,,,,,,,1.826
4702921684,12857,10.4300003051758,10.4300003051758,0.0,0.680000007152557,6.21000003814697,3.53999996185303,0.0,9,125,192,1019,3287,2016-05-08,0,,,,,,,,,,,,1.63
4702921684,8232,6.67999982833862,6.67999982833862,0.0,0.0,0.569999992847443,6.09999990463257,0.0,0,12,253,746,2990,2016-05-09,0,1.0,435.0,458.0,,,,,,,,,1.483
4702921684,10613,8.60999965667725,8.60999965667725,0.0,0.0799999982118607,1.87999999523163,6.65000009536743,0.0,1,37,262,701,3172,2016-05-10,0,1.0,416.0,431.0,,,,,,,,,1.573
4702921684,9810,7.96000003814697,7.96000003814697,0.0,0.779999971389771,2.16000008583069,4.98000001907349,0.0,10,41,235,784,3069,2016-05-11,0,1.0,354.0,366.0,,,,,,,,,1.522
4702921684,2752,2.23000001907349,2.23000001907349,0.0,0.0,0.0,2.23000001907349,0.0,0,0,68,241,1240,2016-05-12,0,1.0,404.0,442.0,,,,,,,,,1.322
5553957443,11596,7.57000017166138,7.57000017166138,0.0,1.37000000476837,0.790000021457672,5.40999984741211,0.0,19,13,277,767,2026,2016-04-12,0,1.0,441.0,464.0,,,,,64.4,50.0,106.0,8370.0,1.536
5553957443,4832,3.16000008583069,3.16000008583069,0.0,0.0,0.0,3.16000008583069,0.0,0,0,226,647,1718,2016-04-13,0,2.0,455.0,488.0,,,,,61.5,47.0,95.0,8051.0,1.303
5553957443,17022,11.1199998855591,11.1199998855591,0.0,4.0,2.45000004768372,4.67000007629395,0.0,61,41,256,693,2324,2016-04-14,0,1.0,357.0,418.0,,,,,72.6,51.0,133.0,9922.0,1.762
5553957443,16556,10.8599996566772,10.8599996566772,0.0,4.15999984741211,1.98000001907349,4.71000003814697,0.0,58,38,239,689,2254,2016-04-15,0,1.0,377.0,409.0,,,,,69.0,50.0,123.0,9135.0,1.709
5553957443,5771,3.76999998092651,3.76999998092651,0.0,0.0,0.0,3.76999998092651,0.0,0,0,288,521,1831,2016-04-16,0,2.0,651.0,686.0,,,,,66.0,50.0,116.0,8238.0,1.388
5553957443,655,0.430000007152557,0.430000007152557,0.0,0.0,0.0,0.430000007152557,0.0,0,0,46,943,1397,2016-04-17,0,1.0,350.0,402.0,,,,,59.4,49.0,84.0,1437.0,1.06
5553957443,3727,2.4300000667572,2.4300000667572,0.0,0.0,0.0,2.4300000667572,0.0,0,0,206,622,1683,2016-04-18,0,2.0,520.0,541.0,,,,,65.4,53.0,91.0,7963.0,1.276
5553957443,15482,10.1099996566772,10.1099996566772,0.0,4.28000020980835,1.6599999666214,4.17999982833862,0.0,69,28,249,756,2284,2016-04-19,0,1.0,357.0,410.0,,,,,74.9,49.0,128.0,10572.0,1.732
5553957443,2713,1.76999998092651,1.76999998092651,0.0,0.0,0.0,1.76999998092651,0.0,0,0,148,598,1570,2016-04-20,0,1.0,658.0,678.0,,,,,60.0,48.0,84.0,8239.0,1.19
5553957443,12346,8.0600004196167,8.0600004196167,0.0,2.95000004768372,2.16000008583069,2.96000003814697,0.0,47,42,177,801,2066,2016-04-21,0,1.0,399.0,431.0,,,,,71.3,49.0,127.0,8951.0,1.567
5553957443,11682,7.63000011444092,7.63000011444092,0.0,1.37999999523163,0.629999995231628,5.59999990463257,0.0,25,16,270,781,2105,2016-04-22,0,1.0,322.0,353.0,,,,,70.4,51.0,128.0,9088.0,1.595
5553957443,4112,2.69000005722046,2.69000005722046,0.0,0.0,0.0,2.6800000667572,0.0,0,0,272,443,1776,2016-04-23,0,2.0,631.0,725.0,,,,,67.1,52.0,94.0,8275.0,1.347
5553957443,1807,1.17999994754791,1.17999994754791,0.0,0.0,0.0,1.17999994754791,0.0,0,0,104,582,1507,2016-04-24,0,2.0,553.0,640.0,,,,,64.0,50.0,92.0,7857.0,1.143
5553957443,10946,7.19000005722046,7.19000005722046,0.0,2.9300000667572,0.569999992847443,3.69000005722046,0.0,51,11,201,732,2033,2016-04-25,0,1.0,433.0,468.0,,,,,72.0,52.0,132.0,9165.0,1.541
5553957443,11886,7.76000022888184,7.76000022888184,0.0,2.36999988555908,0.930000007152557,4.46000003814697,0.0,40,18,238,750,2093,2016-04-26,0,1.0,412.0,453.0,,,,,73.0,53.0,128.0,8923.0,1.587
5553957443,10538,6.88000011444092,6.88000011444092,0.0,1.13999998569489,1.0,4.73999977111816,0.0,16,16,206,745,1922,2016-04-27,0,1.0,347.0,391.0,,,,,65.1,49.0,104.0,8705.0,1.457
5553957443,11393,7.63000011444092,7.63000011444092,0.0,3.71000003814697,0.75,3.17000007629395,0.0,49,13,165,727,1999,2016-04-28,0,1.0,421.0,457.0,,,,,71.1,51.0,149.0,9114.0,1.516
5553957443,12764,8.32999992370605,8.32999992370605,0.0,2.78999996185303,0.639999985694885,4.90999984741211,0.0,46,15,270,709,2169,2016-04-29,0,1.0,450.0,495.0,,,,,73.1,50.0,156.0,11959.0,1.645
5553957443,1202,0.779999971389771,0.779999971389771,0.0,0.0,0.0,0.779999971389771,0.0,0,0,84,506,1463,2016-04-30,0,2.0,775.0,843.0,,,,,65.8,49.0,89.0,8018.0,1.109
5553957443,5164,3.36999988555908,3.36999988555908,0.0,0.0,0.0,3.36999988555908,0.0,0,0,237,436,1747,2016-05-01,0,2.0,622.0,686.0,,,,,66.5,49.0,116.0,7664.0,1.325
5553957443,9769,6.38000011444092,6.38000011444092,0.0,1.05999994277954,0.409999996423721,4.90000009536743,0.0,23,9,227,724,1996,2016-05-02,0,1.0,409.0,471.0,,,,,72.6,50.0,125.0,9751.0,1.52
5553957443,12848,8.39000034332275,8.39000034332275,0.0,1.5,1.20000004768372,5.67999982833862,0.0,26,29,247,812,2116,2016-05-03,0,1.0,380.0,429.0,,,,,70.0,50.0,134.0,9365.0,1.609
5553957443,4249,2.76999998092651,2.76999998092651,0.0,0.0,0.0,2.76999998092651,0.0,0,0,224,651,1698,2016-05-04,0,1.0,447.0,470.0,,,,,61.7,47.0,108.0,8459.0,1.293
5553957443,14331,9.51000022888184,9.51000022888184,0.0,3.4300000667572,1.6599999666214,4.42999982833862,0.0,44,29,241,692,2156,2016-05-05,0,1.0,419.0,464.0,,,,,69.4,49.0,165.0,9596.0,1.641
5553957443,9632,6.28999996185303,6.28999996185303,0.0,1.51999998092651,0.540000021457672,4.23000001907349,0.0,21,9,229,761,1916,2016-05-06,0,1.0,400.0,434.0,,,,,63.2,51.0,104.0,7143.0,1.458
5553957443,1868,1.22000002861023,1.22000002861023,0.0,0.0,0.0,1.22000002861023,0.0,0,0,96,902,1494,2016-05-07,0,1.0,442.0,470.0,,,,,63.0,51.0,140.0,2496.0,1.137
5553957443,6083,4.0,4.0,0.0,0.219999998807907,0.469999998807907,3.29999995231628,0.0,3,8,210,505,1762,2016-05-08,0,1.0,568.0,608.0,,,,,65.6,51.0,110.0,8317.0,1.341
5553957443,11611,7.57999992370605,7.57999992370605,0.0,2.13000011444092,0.889999985694885,4.55999994277954,0.0,59,22,251,667,2272,2016-05-09,0,1.0,453.0,494.0,,,,,76.7,51.0,149.0,10059.0,1.729
5553957443,16358,10.710000038147,10.710000038147,0.0,3.86999988555908,1.61000001430511,5.19999980926514,0.0,61,40,265,707,2335,2016-05-10,0,1.0,418.0,443.0,,,,,76.8,53.0,133.0,10173.0,1.778
5553957443,4926,3.22000002861023,3.22000002861023,0.0,0.0,0.0,3.22000002861023,0.0,0,0,195,628,1693,2016-05-11,0,1.0,463.0,486.0,,,,,65.4,54.0,103.0,7860.0,1.289
5553957443,3121,2.03999996185303,2.03999996185303,0.0,0.579999983310699,0.400000005960464,1.05999994277954,0.0,8,6,48,222,741,2016-05-12,0,1.0,438.0,475.0,,,,,64.2,54.0,107.0,2309.0,1.306
5577150313,8135,6.07999992370605,6.07999992370605,0.0,3.59999990463257,0.379999995231628,2.09999990463257,0.0,86,16,140,728,3405,2016-04-12,0,1.0,419.0,438.0,,,,,65.7,41.0,154.0,8685.0,1.835
5577150313,5077,3.78999996185303,3.78999996185303,0.0,0.319999992847443,0.219999998807907,3.25,0.0,15,11,144,776,2551,2016-04-13,0,1.0,432.0,458.0,,,,,59.7,44.0,121.0,3829.0,1.375
5577150313,8596,6.42000007629395,6.42000007629395,0.0,3.32999992370605,0.310000002384186,2.77999997138977,0.0,118,30,176,662,4022,2016-04-14,0,1.0,477.0,497.0,,,,,76.8,43.0,172.0,9806.0,2.209
5577150313,12087,9.07999992370605,9.07999992370605,0.0,3.92000007629395,1.60000002384186,3.55999994277954,0.0,115,54,199,695,4005,2016-04-15,0,1.0,392.0,413.0,,,,,73.7,39.0,157.0,17001.0,2.199
5577150313,14269,10.6599998474121,10.6599998474121,0.0,6.6399998664856,1.27999997138977,2.73000001907349,0.0,184,56,158,472,4274,2016-04-16,0,1.0,406.0,445.0,,,,,69.8,43.0,136.0,29330.0,2.346
5577150313,12231,9.14000034332275,9.14000034332275,0.0,5.98000001907349,0.829999983310699,2.3199999332428,0.0,200,37,159,525,4552,2016-04-17,0,1.0,549.0,583.0,90.6999969482422,199.959265073821,28.0,False,71.1,40.0,174.0,8950.0,2.502
5577150313,9893,7.3899998664856,7.3899998664856,0.0,4.8600001335144,0.720000028610229,1.82000005245209,0.0,114,32,130,623,3625,2016-04-18,0,1.0,527.0,553.0,,,,,68.6,41.0,165.0,8629.0,1.992
5577150313,12574,9.42000007629395,9.42000007629395,0.0,7.01999998092651,0.639999985694885,1.75999999046326,0.0,108,23,111,733,3501,2016-04-19,0,1.0,449.0,465.0,,,,,70.5,42.0,159.0,8667.0,1.924
5577150313,8330,6.21999979019165,6.21999979019165,0.0,4.11999988555908,0.340000003576279,1.75999999046326,0.0,87,16,113,773,3192,2016-04-20,0,1.0,447.0,480.0,,,,,69.2,45.0,135.0,6535.0,1.754
5577150313,10830,8.09000015258789,8.09000015258789,0.0,3.65000009536743,1.6599999666214,2.77999997138977,0.0,110,74,175,670,4018,2016-04-21,0,1.0,414.0,437.0,,,,,72.3,43.0,168.0,10106.0,2.208
5577150313,9172,6.84999990463257,6.84999990463257,0.0,2.42000007629395,0.790000021457672,3.29999995231628,0.0,62,30,200,823,3329,2016-04-22,0,1.0,338.0,366.0,,,,,64.6,43.0,132.0,8361.0,1.805
5577150313,7638,5.71000003814697,5.71000003814697,0.0,1.21000003814697,0.360000014305115,4.1399998664856,0.0,24,24,223,627,3152,2016-04-23,0,1.0,384.0,402.0,,,,,65.1,40.0,171.0,8519.0,1.732
5577150313,15764,11.7799997329712,11.7799997329712,0.0,7.65000009536743,2.15000009536743,1.98000001907349,0.0,210,65,141,425,4392,2016-04-24,0,1.0,543.0,615.0,,,,,72.3,40.0,131.0,8338.0,2.414
5577150313,6393,4.78000020980835,4.78000020980835,0.0,1.35000002384186,0.670000016689301,2.75999999046326,0.0,61,38,214,743,3374,2016-04-25,0,1.0,421.0,461.0,,,,,67.5,43.0,125.0,8877.0,1.854
5577150313,5325,3.98000001907349,3.98000001907349,0.0,0.850000023841858,0.649999976158142,2.47000002861023,0.0,38,32,181,759,3088,2016-04-26,0,1.0,354.0,377.0,,,,,65.4,40.0,122.0,8764.0,1.697
5577150313,6805,5.1399998664856,5.1399998664856,0.0,1.80999994277954,0.400000005960464,2.9300000667572,0.0,63,16,190,773,3294,2016-04-27,0,1.0,424.0,452.0,,,,,66.4,42.0,130.0,8756.0,1.81
5577150313,9841,7.42999982833862,7.42999982833862,0.0,3.25,1.16999995708466,3.00999999046326,0.0,99,51,141,692,3580,2016-04-28,0,1.0,361.0,372.0,,,,,70.7,40.0,171.0,9062.0,1.968
5577150313,7924,5.92000007629395,5.92000007629395,0.0,2.83999991416931,0.610000014305115,2.47000002861023,0.0,97,36,165,739,3544,2016-04-29,0,1.0,459.0,485.0,,,,,66.3,42.0,141.0,8712.0,1.948
5577150313,12363,9.23999977111816,9.23999977111816,0.0,5.82999992370605,0.790000021457672,2.60999989509583,0.0,207,45,163,621,4501,2016-04-30,0,1.0,412.0,433.0,,,,,71.6,41.0,138.0,9037.0,2.474
5577150313,13368,9.98999977111816,9.98999977111816,0.0,5.30999994277954,1.44000005722046,3.24000000953674,0.0,194,72,178,499,4546,2016-05-01,0,1.0,379.0,398.0,,,,,73.7,44.0,140.0,8923.0,2.499
5577150313,7439,5.55999994277954,5.55999994277954,0.0,1.12000000476837,0.349999994039536,4.07000017166138,0.0,37,20,235,732,3014,2016-05-02,0,2.0,525.0,553.0,,,,,64.6,43.0,128.0,4120.0,1.656
5577150313,11045,8.25,8.25,0.0,4.51999998092651,0.150000005960464,3.5699999332428,0.0,97,8,212,580,3795,2016-05-03,0,1.0,508.0,543.0,,,,,70.0,42.0,154.0,8690.0,2.086
5577150313,5206,3.89000010490417,3.89000010490417,0.0,1.55999994277954,0.25,2.07999992370605,0.0,25,9,141,631,2755,2016-05-04,0,1.0,603.0,634.0,,,,,62.2,36.0,143.0,8195.0,1.513
5577150313,7550,5.6399998664856,5.6399998664856,0.0,2.5,0.469999998807907,2.67000007629395,0.0,45,21,143,1153,3004,2016-05-05,0,1.0,74.0,78.0,,,,,72.2,50.0,141.0,4934.0,1.651
5577150313,4950,3.70000004768372,3.70000004768372,0.0,1.92999994754791,0.319999992847443,1.45000004768372,0.0,41,16,79,1304,2643,2016-05-06,0,,,,,,,,70.5,48.0,134.0,3714.0,1.453
5577150313,0,0.0,0.0,0.0,0.0,0.0,0.0,0.0,0,0,0,1440,1819,2016-05-07,1,,,,,,,,,,,,1.0
5577150313,0,0.0,0.0,0.0,0.0,0.0,0.0,0.0,0,0,0,1440,1819,2016-05-08,1,,,,,,,,,,,,1.0
5577150313,3421,2.55999994277954,2.55999994277954,0.0,1.42999994754791,0.140000000596046,0.990000009536743,0.0,34,11,70,1099,2489,2016-05-09,0,,,,,,,,68.0,51.0,130.0,4373.0,1.368
5577150313,8869,6.65000009536743,6.65000009536743,0.0,2.55999994277954,0.75,3.34999990463257,0.0,104,37,194,639,3841,2016-05-10,0,1.0,504.0,562.0,,,,,75.3,42.0,172.0,11173.0,2.111
5577150313,4038,3.03999996185303,3.03999996185303,0.0,1.83000004291534,0.300000011920929,0.889999985694885,0.0,45,15,63,257,1665,2016-05-11,0,1.0,431.0,476.0,,,,,67.0,45.0,173.0,4474.0,1.813
6117666160,0,0.0,0.0,0.0,0.0,0.0,0.0,0.0,0,0,0,1440,1496,2016-04-12,1,,,,,,,,,,,,1.0
6117666160,0,0.0,0.0,0.0,0.0,0.0,0.0,0.0,0,0,0,1440,1496,2016-04-13,1,,,,,,,,,,,,1.0
6117666160,0,0.0,0.0,0.0,0.0,0.0,0.0,0.0,0,0,0,1440,1496,2016-04-14,1,,,,,,,,,,,,1.0
6117666160,14019,10.5900001525879,10.5900001525879,0.0,0.0,0.280000001192093,10.3000001907349,0.0,0,6,513,921,2865,2016-04-15,0,,,,,,,,97.9,57.0,137.0,5443.0,1.914
6117666160,14450,10.9099998474121,10.9099998474121,0.0,0.579999983310699,0.850000023841858,9.47999954223633,0.0,7,15,518,502,2828,2016-04-16,0,1.0,380.0,398.0,,,,,87.0,54.0,155.0,9688.0,1.89
6117666160,7150,5.40000009536743,5.40000009536743,0.0,0.0,0.0,5.40000009536743,0.0,0,0,312,702,2225,2016-04-17,0,2.0,336.0,350.0,,,,,85.4,59.0,130.0,5824.0,1.487
6117666160,5153,3.91000008583069,3.91000008583069,0.0,0.0,0.0,3.89000010490417,0.0,0,0,241,759,2018,2016-04-18,0,2.0,493.0,510.0,,,,,82.9,61.0,116.0,4125.0,1.349
6117666160,11135,8.40999984741211,8.40999984741211,0.0,0.0,0.0,8.40999984741211,0.0,0,0,480,425,2606,2016-04-19,0,1.0,465.0,492.0,,,,,83.5,53.0,124.0,9169.0,1.742
6117666160,10449,8.02000045776367,8.02000045776367,0.0,2.02999997138977,0.479999989271164,5.51999998092651,0.0,26,10,349,587,2536,2016-04-20,0,1.0,474.0,502.0,,,,,85.5,52.0,181.0,9182.0,1.695
6117666160,19542,15.0100002288818,15.0100002288818,0.0,0.980000019073486,0.400000005960464,5.61999988555908,0.0,11,19,294,579,4900,2016-04-21,0,1.0,508.0,550.0,,,,,79.4,52.0,154.0,7416.0,1.581
6117666160,8206,6.19999980926514,6.19999980926514,0.0,0.0,0.0,6.19999980926514,0.0,0,0,402,413,2409,2016-04-22,0,1.0,480.0,546.0,,,,,81.7,53.0,139.0,9012.0,1.61
6117666160,11495,8.68000030517578,8.68000030517578,0.0,0.0,0.0,8.68000030517578,0.0,0,0,512,468,2651,2016-04-23,0,1.0,492.0,539.0,,,,,81.8,54.0,121.0,9450.0,1.771
6117666160,7623,5.76000022888184,5.76000022888184,0.0,0.0,0.0,5.76000022888184,0.0,0,0,362,711,2305,2016-04-24,0,1.0,353.0,367.0,,,,,84.2,55.0,129.0,5331.0,1.54
6117666160,0,0.0,0.0,0.0,0.0,0.0,0.0,0.0,0,0,0,1440,1497,2016-04-25,1,,,,,,,,,,,,1.0
6117666160,9543,7.21000003814697,7.21000003814697,0.0,0.0,0.340000003576279,6.86999988555908,0.0,0,7,352,1077,2450,2016-04-26,0,,,,,,,,90.6,60.0,136.0,6372.0,1.637
6117666160,9411,7.1100001335144,7.1100001335144,0.0,0.0,0.0,7.1100001335144,0.0,0,0,458,417,2576,2016-04-27,0,1.0,542.0,557.0,,,,,83.1,52.0,126.0,9172.0,1.722
6117666160,3403,2.59999990463257,2.59999990463257,0.0,0.0,0.0,2.59999990463257,0.0,0,0,141,758,1879,2016-04-28,0,1.0,393.0,416.0,,,,,80.1,54.0,145.0,8044.0,1.256
6117666160,9592,7.23999977111816,7.23999977111816,0.0,0.0,0.0,7.23999977111816,0.0,0,0,461,479,2560,2016-04-29,0,1.0,600.0,636.0,,,,,82.2,55.0,121.0,9180.0,1.711
6117666160,6987,5.28000020980835,5.28000020980835,0.0,0.0,0.0,5.28000020980835,0.0,0,0,343,1040,2275,2016-04-30,0,,,,,,,,85.3,53.0,189.0,5683.0,1.521
6117666160,8915,6.73000001907349,6.73000001907349,0.0,0.0,0.0,6.73000001907349,0.0,0,0,397,525,2361,2016-05-01,0,1.0,507.0,575.0,,,,,77.4,55.0,114.0,4946.0,1.578
6117666160,4933,3.73000001907349,3.73000001907349,0.0,0.0,0.0,3.73000001907349,0.0,0,0,236,1204,2044,2016-05-02,0,,,,,,,,91.7,61.0,123.0,2529.0,1.365
6117666160,0,0.0,0.0,0.0,0.0,0.0,0.0,0.0,0,0,0,1440,1496,2016-05-03,1,,,,,,,,,,,,1.0
6117666160,2997,2.25999999046326,2.25999999046326,0.0,0.0,0.0,2.25999999046326,0.0,0,0,156,1279,1902,2016-05-04,0,,,,,,,,92.9,62.0,124.0,2270.0,1.271
6117666160,9799,7.40000009536743,7.40000009536743,0.0,0.0,0.0,7.40000009536743,0.0,0,0,487,479,2636,2016-05-05,0,1.0,392.0,415.0,,,,,84.7,52.0,120.0,9413.0,1.762
6117666160,3365,2.6800000667572,2.6800000667572,0.0,0.0,0.0,2.6800000667572,0.0,0,0,133,673,1838,2016-05-06,0,2.0,658.0,698.0,,,,,76.6,54.0,126.0,3483.0,1.228
6117666160,7336,5.53999996185303,5.53999996185303,0.0,0.0,0.0,5.53999996185303,0.0,0,0,412,456,2469,2016-05-07,0,2.0,498.0,507.0,,,,,83.9,54.0,126.0,9044.0,1.65
6117666160,7328,5.53000020980835,5.53000020980835,0.0,0.0,0.0,5.53000020980835,0.0,0,0,318,517,2250,2016-05-08,0,1.0,555.0,603.0,,,,,81.1,52.0,118.0,9173.0,1.504
6117666160,4477,3.38000011444092,3.38000011444092,0.0,0.0,0.0,3.38000011444092,0.0,0,0,197,125,1248,2016-05-09,0,1.0,492.0,522.0,,,,,76.5,52.0,113.0,4950.0,1.451
6290855005,4562,3.45000004768372,3.45000004768372,0.0,0.0,0.0,3.45000004768372,0.0,0,0,199,1241,2560,2016-04-12,0,,,,,,,,,,,,1.242
6290855005,7142,5.40000009536743,5.40000009536743,0.0,0.0,0.0,5.3899998664856,0.0099999997764825,0,0,350,1090,2905,2016-04-13,0,,,,,,,,,,,,1.41
6290855005,7671,5.80000019073486,5.80000019073486,0.0,0.0,0.0,5.76999998092651,0.0299999993294477,0,0,363,1077,2952,2016-04-14,0,,,,,,,,,,,,1.433
6290855005,9501,7.17999982833862,7.17999982833862,0.0,0.0,0.0,7.17000007629395,0.0099999997764825,0,0,328,1112,2896,2016-04-15,0,,,,,,,,,,,,1.406
6290855005,8301,6.28000020980835,6.28000020980835,0.0,0.0,0.0,6.26999998092651,0.0099999997764825,0,0,258,1182,2783,2016-04-16,0,,,,,,,,,,,,1.351
6290855005,7851,5.94000005722046,5.94000005722046,0.0,1.13999998569489,0.790000021457672,4.0,0.0,31,12,225,1172,3171,2016-04-17,0,,,,,,,,,,,,1.539
6290855005,6885,5.21000003814697,5.21000003814697,0.0,0.0,0.0,5.19000005722046,0.0199999995529652,0,0,271,1169,2766,2016-04-18,0,,,,,,,,,,,,1.342
6290855005,7142,5.40000009536743,5.40000009536743,0.0,0.0,0.0,5.3899998664856,0.0099999997764825,0,0,321,1119,2839,2016-04-19,0,,,,,,,,,,,,1.378
6290855005,6361,4.80999994277954,4.80999994277954,0.0,0.0,0.0,4.80000019073486,0.0099999997764825,0,0,258,1182,2701,2016-04-20,0,,,,,,,,,,,,1.311
6290855005,0,0.0,0.0,0.0,0.0,0.0,0.0,0.0,0,0,0,1440,2060,2016-04-21,1,,,,,,,,,,,,1.0
6290855005,6238,4.71999979019165,4.71999979019165,0.0,0.0,0.0,4.71999979019165,0.0,0,0,302,1138,2796,2016-04-22,0,,,,,,,,,,,,1.357
6290855005,0,0.0,0.0,0.0,0.0,0.0,0.0,0.0,33,0,0,1407,2664,2016-04-23,0,,,,,,,,,,,,1.293
6290855005,5896,4.46000003814697,4.46000003814697,0.0,0.0,0.0,4.46000003814697,0.0,0,0,258,1182,2703,2016-04-24,0,,,,,,,,,,,,1.312
6290855005,7802,5.90000009536743,5.90000009536743,0.0,0.680000007152557,0.180000007152557,5.03000020980835,0.0099999997764825,8,3,249,1180,2771,2016-04-25,0,,,,,,,,,,,,1.345
6290855005,0,0.0,0.0,0.0,0.0,0.0,0.0,0.0,0,0,0,1440,2060,2016-04-26,1,,,,,,,,,,,,1.0
6290855005,5565,4.21000003814697,4.21000003814697,0.0,0.0,0.0,4.17999982833862,0.0299999993294477,0,0,287,1153,2743,2016-04-27,0,,,,,,,,,,,,1.331
6290855005,5731,4.32999992370605,4.32999992370605,0.0,0.0,0.0,4.32999992370605,0.0,0,0,255,1185,2687,2016-04-28,0,,,,,,,,,,,,1.304
6290855005,0,0.0,0.0,0.0,0.0,0.0,0.0,0.0,0,0,0,1440,2060,2016-04-29,1,,,,,,,,,,,,1.0
6290855005,6744,5.09999990463257,5.09999990463257,0.0,0.0,0.0,5.09000015258789,0.0099999997764825,0,0,324,1116,2843,2016-04-30,0,,,,,,,,,,,,1.38
6290855005,9837,7.44000005722046,7.44000005722046,0.0,0.660000026226044,2.75,4.0,0.0199999995529652,8,95,282,1055,3327,2016-05-01,0,,,,,,,,,,,,1.617
6290855005,6781,5.13000011444092,5.13000011444092,0.0,0.0,0.0,5.1100001335144,0.0199999995529652,0,0,268,1172,2725,2016-05-02,0,,,,,,,,,,,,1.322
6290855005,6047,4.57000017166138,4.57000017166138,0.0,0.0,0.0,4.57000017166138,0.0,0,0,240,1200,2671,2016-05-03,0,,,,,,,,,,,,1.296
6290855005,5832,4.40999984741211,4.40999984741211,0.0,0.0,0.0,4.40000009536743,0.0099999997764825,0,0,272,1168,2718,2016-05-04,0,,,,,,,,,,,,1.319
6290855005,6339,4.78999996185303,4.78999996185303,0.0,0.0,0.0,4.78999996185303,0.0,0,0,239,1201,2682,2016-05-05,0,,,,,,,,,,,,1.302
6290855005,6116,4.61999988555908,4.61999988555908,0.0,0.0,0.0,4.59000015258789,0.0299999993294477,0,0,305,1135,2806,2016-05-06,0,,,,,,,,,,,,1.362
6290855005,5510,4.17000007629395,4.17000007629395,0.0,0.0,0.0,4.15999984741211,0.0,0,0,227,1213,2613,2016-05-07,0,,,,,,,,,,,,1.268
6290855005,7706,5.82999992370605,5.82999992370605,0.0,0.0,0.0,5.82000017166138,0.0,0,0,251,1189,2712,2016-05-08,0,,,,,,,,,,,,1.316
6290855005,6277,4.75,4.75,0.0,0.0,0.0,4.73000001907349,0.0199999995529652,0,0,264,800,2175,2016-05-09,0,,,,,,,,,,,,1.435
6290855005,0,0.0,0.0,0.0,0.0,0.0,0.0,0.0,0,0,0,1440,0,2016-05-10,1,,,,,,,,,,,,
6775888955,0,0.0,0.0,0.0,0.0,0.0,0.0,0.0,0,0,0,1440,1841,2016-04-12,1,,,,,,,,,,,,1.0
6775888955,4053,2.91000008583069,2.91000008583069,0.0,1.11000001430511,0.579999983310699,1.22000002861023,0.0,17,18,85,1053,2400,2016-04-13,0,1.0,235.0,260.0,,,,,82.7,55.0,135.0,4371.0,1.304
6775888955,5162,3.70000004768372,3.70000004768372,0.0,0.870000004768372,0.860000014305115,1.97000002861023,0.0,14,24,105,863,2507,2016-04-14,0,1.0,423.0,441.0,,,,,79.3,57.0,134.0,6099.0,1.362
6775888955,1282,0.920000016689301,0.920000016689301,0.0,0.0,0.0,0.920000016689301,0.0,0,0,58,976,2127,2016-04-15,0,1.0,391.0,406.0,,,,,80.6,62.0,126.0,3455.0,1.156
6775888955,4732,3.39000010490417,3.39000010490417,0.0,2.51999998092651,0.810000002384186,0.0599999986588955,0.0,36,18,9,1377,2225,2016-04-16,0,,,,,,,,108.6,70.0,143.0,589.0,1.209
6775888955,2497,1.78999996185303,1.78999996185303,0.0,0.349999994039536,1.12999999523163,0.310000002384186,0.0,5,24,19,1392,2067,2016-04-17,0,,,,,,,,102.4,70.0,118.0,469.0,1.123
6775888955,8294,5.94999980926514,5.94999980926514,0.0,2.0,0.769999980926514,3.17000007629395,0.0,30,31,146,1233,2798,2016-04-18,0,,,,,,,,97.7,66.0,177.0,2549.0,1.52
6775888955,0,0.0,0.0,0.0,0.0,0.0,0.0,0.0,0,0,0,1440,1841,2016-04-19,1,,,,,,,,99.5,66.0,177.0,26.0,1.0
6775888955,10771,7.71999979019165,7.71999979019165,0.0,3.76999998092651,1.74000000953674,2.22000002861023,0.0,70,113,178,1079,3727,2016-04-20,0,,,,,,,,105.6,70.0,155.0,4389.0,2.025
6775888955,0,0.0,0.0,0.0,0.0,0.0,0.0,0.0,0,0,0,1440,1841,2016-04-21,1,,,,,,,,,,,,1.0
6775888955,637,0.46000000834465,0.46000000834465,0.0,0.0,0.0,0.46000000834465,0.0,0,0,20,1420,1922,2016-04-22,0,,,,,,,,90.9,66.0,123.0,340.0,1.044
6775888955,0,0.0,0.0,0.0,0.0,0.0,0.0,0.0,0,0,0,1440,1841,2016-04-23,1,,,,,,,,,,,,1.0
6775888955,2153,1.53999996185303,1.53999996185303,0.0,0.769999980926514,0.620000004768372,0.150000005960464,0.0,11,18,11,1400,2053,2016-04-24,0,,,,,,,,109.8,70.0,140.0,347.0,1.115
6775888955,6474,4.6399998664856,4.6399998664856,0.0,2.26999998092651,0.46000000834465,1.89999997615814,0.0,33,13,92,1302,2484,2016-04-25,0,,,,,,,,94.7,58.0,131.0,1805.0,1.348
6775888955,7091,5.26999998092651,5.26999998092651,1.95959603786469,3.48000001907349,0.870000004768372,0.730000019073486,0.0,42,30,47,1321,2584,2016-04-26,0,,,,,,,,99.7,56.0,143.0,1651.0,1.404
6775888955,0,0.0,0.0,0.0,0.0,0.0,0.0,0.0,0,0,0,1440,1841,2016-04-27,1,,,,,,,,,,,,1.0
6775888955,703,0.5,0.5,0.0,0.0599999986588955,0.200000002980232,0.239999994635582,0.0,2,13,15,1410,1993,2016-04-28,0,,,,,,,,104.7,70.0,134.0,309.0,1.083
6775888955,0,0.0,0.0,0.0,0.0,0.0,0.0,0.0,0,0,0,1440,1841,2016-04-29,1,,,,,,,,81.8,70.0,109.0,19.0,1.0
6775888955,2503,1.78999996185303,1.78999996185303,0.0,0.159999996423721,0.159999996423721,1.48000001907349,0.0,3,9,84,1344,2280,2016-04-30,0,,,,,,,,96.1,68.0,125.0,1811.0,1.239
6775888955,2487,1.77999997138977,1.77999997138977,0.0,0.479999989271164,0.620000004768372,0.680000007152557,0.0,9,34,50,1347,2319,2016-05-01,0,,,,,,,,107.1,70.0,129.0,1085.0,1.26
6775888955,0,0.0,0.0,0.0,0.0,0.0,0.0,0.0,0,0,0,1440,1841,2016-05-02,1,,,,,,,,,,,,1.0
6775888955,9,0.0099999997764825,0.0099999997764825,0.0,0.0,0.0,0.0099999997764825,0.0,0,0,1,1439,1843,2016-05-03,0,,,,,,,,,,,,1.001
6775888955,0,0.0,0.0,0.0,0.0,0.0,0.0,0.0,0,0,0,1440,1841,2016-05-04,1,,,,,,,,,,,,1.0
6775888955,0,0.0,0.0,0.0,0.0,0.0,0.0,0.0,0,0,0,1440,1841,2016-05-05,1,,,,,,,,,,,,1.0
6775888955,4697,3.36999988555908,3.36999988555908,0.0,0.469999998807907,0.930000007152557,1.92999994754791,0.0,12,35,75,1318,2496,2016-05-06,0,,,,,,,,98.9,71.0,135.0,2330.0,1.356
6775888955,1967,1.4099999666214,1.4099999666214,0.0,0.129999995231628,0.239999994635582,1.04999995231628,0.0,2,5,49,551,1032,2016-05-07,0,,,,,,,,94.2,70.0,118.0,1127.0,1.318
6962181067,10199,6.73999977111816,6.73999977111816,0.0,3.40000009536743,0.829999983310699,2.50999999046326,0.0,50,14,189,796,1994,2016-04-12,0,1.0,366.0,387.0,62.5,137.788913865625,24.3899993896484,True,85.0,47.0,176.0,9196.0,1.532
6962181067,5652,3.74000000953674,3.74000000953674,0.0,0.569999992847443,1.21000003814697,1.96000003814697,0.0,8,24,142,548,1718,2016-04-13,0,3.0,630.0,679.0,62.0999984741211,136.907061452898,24.2399997711182,True,80.5,59.0,149.0,8266.0,1.324
6962181067,1551,1.02999997138977,1.02999997138977,0.0,0.0,0.0,1.02999997138977,0.0,0,0,86,862,1466,2016-04-14,0,2.0,508.0,535.0,61.7000007629395,136.025217450139,24.1000003814697,True,70.1,55.0,131.0,8089.0,1.133
6962181067,5563,3.6800000667572,3.6800000667572,0.0,0.0,0.0,3.6800000667572,0.0,0,0,217,837,1756,2016-04-15,0,1.0,370.0,386.0,61.5,135.584291243775,24.0,True,73.0,54.0,115.0,8355.0,1.36
6962181067,13217,8.73999977111816,8.73999977111816,0.0,3.66000008583069,0.189999997615814,4.88000011444092,0.0,50,3,280,741,2173,2016-04-16,0,1.0,357.0,366.0,62.0,136.6866025547,24.2099990844727,True,82.0,55.0,142.0,9880.0,1.675
6962181067,10145,6.71000003814697,6.71000003814697,0.0,0.330000013113022,0.680000007152557,5.69000005722046,0.0,5,13,295,634,2027,2016-04-17,0,1.0,427.0,446.0,61.4000015258789,135.363832345577,23.9599990844727,True,76.7,58.0,139.0,8265.0,1.571
6962181067,11404,7.53999996185303,7.53999996185303,0.0,0.829999983310699,2.39000010490417,4.32000017166138,0.0,13,42,238,689,2039,2016-04-18,0,1.0,442.0,458.0,61.2000007629395,134.922906139214,23.8899993896484,True,76.9,55.0,134.0,7963.0,1.582
6962181067,10742,7.09999990463257,7.09999990463257,0.0,2.09999990463257,2.13000011444092,2.86999988555908,0.0,35,41,195,659,2046,2016-04-19,0,1.0,476.0,535.0,61.4000015258789,135.363832345577,23.9599990844727,True,77.4,58.0,135.0,8612.0,1.585
6962181067,13928,9.55000019073486,9.55000019073486,0.0,4.28000020980835,0.189999997615814,5.09000015258789,0.0,48,4,297,639,2174,2016-04-20,0,1.0,418.0,424.0,61.7000007629395,136.025217450139,24.1000003814697,True,74.9,50.0,137.0,8884.0,1.68
6962181067,11835,9.71000003814697,7.88000011444092,4.08169221878052,3.99000000953674,2.09999990463257,3.50999999046326,0.109999999403954,53,27,214,708,2179,2016-04-21,0,1.0,451.0,457.0,61.4000015258789,135.363832345577,23.9599990844727,True,83.5,49.0,173.0,9147.0,1.689
6962181067,10725,7.09000015258789,7.09000015258789,0.0,1.76999998092651,1.54999995231628,3.76999998092651,0.0,30,33,240,659,2086,2016-04-22,0,1.0,425.0,435.0,61.4000015258789,135.363832345577,23.9599990844727,True,79.1,55.0,169.0,9065.0,1.617
6962181067,20031,13.2399997711182,13.2399997711182,0.0,4.19999980926514,2.0,7.03999996185303,0.0,58,41,347,484,2571,2016-04-23,0,1.0,528.0,546.0,61.5,135.584291243775,24.0,True,84.6,52.0,152.0,9856.0,1.991
6962181067,5029,3.3199999332428,3.3199999332428,0.0,0.0,0.0,3.3199999332428,0.0,0,0,199,720,1705,2016-04-24,0,1.0,511.0,514.0,61.5,135.584291243775,24.0,True,68.8,49.0,114.0,8643.0,1.32
6962181067,13239,9.27000045776367,9.07999992370605,2.78517508506775,3.01999998092651,1.67999994754791,4.46000003814697,0.100000001490116,35,31,282,637,2194,2016-04-25,0,1.0,400.0,415.0,61.7000007629395,136.025217450139,24.1000003814697,True,74.0,51.0,142.0,9093.0,1.695
6962181067,10433,6.90000009536743,6.90000009536743,0.0,2.57999992370605,0.419999986886978,3.90000009536743,0.0,36,7,254,680,2012,2016-04-26,0,1.0,441.0,446.0,,,,,77.1,51.0,140.0,8917.0,1.558
6962181067,10320,6.82000017166138,6.82000017166138,0.0,0.550000011920929,2.01999998092651,4.25,0.0,7,38,279,697,2034,2016-04-27,0,1.0,455.0,467.0,61.2000007629395,134.922906139214,23.8899993896484,True,73.0,53.0,142.0,8595.0,1.578
6962181067,12627,8.35000038146973,8.35000038146973,0.0,2.50999999046326,0.239999994635582,5.59000015258789,0.0,38,8,288,621,2182,2016-04-28,0,1.0,440.0,453.0,61.2000007629395,134.922906139214,23.8899993896484,True,82.1,54.0,174.0,8928.0,1.694
6962181067,10762,7.1100001335144,7.1100001335144,0.0,0.819999992847443,0.479999989271164,5.80999994277954,0.0,12,15,369,645,2254,2016-04-29,0,1.0,433.0,447.0,61.4000015258789,135.363832345577,23.9599990844727,True,81.0,56.0,141.0,9101.0,1.746
6962181067,10081,6.65999984741211,6.65999984741211,0.0,2.24000000953674,0.759999990463257,3.67000007629395,0.0,32,16,237,731,2002,2016-04-30,0,1.0,422.0,424.0,61.0,134.48197993285,23.8199996948242,True,80.2,53.0,141.0,8496.0,1.555
6962181067,5454,3.60999989509583,3.60999989509583,0.0,0.0,0.0,3.60999989509583,0.0,0,0,215,722,1740,2016-05-01,0,1.0,411.0,426.0,61.7000007629395,136.025217450139,24.1000003814697,True,73.3,56.0,127.0,8096.0,1.345
6962181067,12912,8.53999996185303,8.53999996185303,0.0,1.20000004768372,2.0,5.34000015258789,0.0,18,39,313,655,2162,2016-05-02,0,1.0,466.0,482.0,61.5,135.584291243775,24.0,True,79.7,56.0,140.0,9518.0,1.674
6962181067,12109,8.11999988555908,8.11999988555908,0.0,1.74000000953674,2.03999996185303,4.32999992370605,0.0,21,36,267,654,2072,2016-05-03,0,1.0,394.0,418.0,61.0,134.48197993285,23.8199996948242,True,75.4,53.0,157.0,8757.0,1.61
6962181067,10147,6.71000003814697,6.71000003814697,0.0,0.469999998807907,1.67999994754791,4.55000019073486,0.0,15,36,284,683,2086,2016-05-04,0,1.0,442.0,455.0,61.0999984741211,134.702438831048,23.8500003814697,True,79.5,55.0,174.0,9170.0,1.62
6962181067,10524,6.96000003814697,6.96000003814697,0.0,0.990000009536743,1.1599999666214,4.80999994277954,0.0,14,22,305,591,2066,2016-05-05,0,1.0,467.0,491.0,61.2999992370605,135.143365037411,23.9300003051758,True,76.6,54.0,128.0,7761.0,1.602
6962181067,5908,3.91000008583069,3.91000008583069,0.0,0.0,0.0,3.91000008583069,0.0,0,0,299,717,1850,2016-05-06,0,1.0,443.0,462.0,61.5,135.584291243775,24.0,True,72.3,52.0,114.0,9026.0,1.433
6962181067,6815,4.5,4.5,0.0,0.0,0.0,4.5,0.0,0,0,328,745,1947,2016-05-07,0,1.0,298.0,334.0,61.2000007629395,134.922906139214,23.8899993896484,True,77.0,57.0,125.0,8543.0,1.511
6962181067,4188,2.76999998092651,2.76999998092651,0.0,0.0,0.519999980926514,2.25,0.0,0,14,151,709,1659,2016-05-08,0,1.0,541.0,569.0,61.2000007629395,134.922906139214,23.8899993896484,True,75.0,54.0,116.0,7235.0,1.288
6962181067,12342,8.72000026702881,8.68000030517578,3.16782188415527,3.90000009536743,1.17999994754791,3.65000009536743,0.0,43,21,231,607,2105,2016-05-09,0,1.0,489.0,497.0,62.4000015258789,137.568454967427,24.3500003814697,True,77.0,56.0,181.0,8566.0,1.619
6962181067,15448,10.210000038147,10.210000038147,0.0,3.47000002861023,1.75,4.98999977111816,0.0,62,34,275,626,2361,2016-05-10,0,1.0,469.0,481.0,62.0999984741211,136.907061452898,24.2399997711182,True,83.3,57.0,184.0,9066.0,1.819
6962181067,6722,4.44000005722046,4.44000005722046,0.0,1.49000000953674,0.310000002384186,2.65000009536743,0.0,24,7,199,709,1855,2016-05-11,0,1.0,452.0,480.0,61.9000015258789,136.466143656502,24.1700000762939,True,79.3,53.0,145.0,9114.0,1.431
6962181067,3587,2.36999988555908,2.36999988555908,0.0,0.0,0.25,2.10999989509583,0.0,0,8,105,127,928,2016-05-12,0,1.0,516.0,535.0,61.9000015258789,136.466143656502,24.1700000762939,True,75.7,60.0,117.0,4123.0,1.43
7007744171,14172,10.289999961853,9.47999954223633,4.8697829246521,4.5,0.379999995231628,5.40999984741211,0.0,53,8,355,1024,2937,2016-04-12,0,,,,,,,,96.4,70.0,151.0,5506.0,1.887
7007744171,12862,9.64999961853027,8.60000038146973,4.8513069152832,4.6100001335144,0.560000002384186,4.48000001907349,0.0,56,22,261,1101,2742,2016-04-13,0,,,,,,,,93.0,70.0,144.0,5936.0,1.762
7007744171,11179,8.23999977111816,7.48000001907349,3.28541493415833,2.95000004768372,0.340000003576279,4.96000003814697,0.0,34,6,304,1096,2668,2016-04-14,0,,,,,,,,92.3,54.0,132.0,5982.0,1.714
7007744171,5273,3.52999997138977,3.52999997138977,0.0,0.0,0.0,3.52999997138977,0.0,0,0,202,1238,2098,2016-04-15,0,,,,,,,,84.8,60.0,128.0,4249.0,1.348
7007744171,4631,3.09999990463257,3.09999990463257,0.0,0.0,0.0,3.09999990463257,0.0,0,0,203,1155,2076,2016-04-16,0,1.0,79.0,82.0,,,,,80.0,61.0,129.0,5640.0,1.334
7007744171,8059,5.3899998664856,5.3899998664856,0.0,0.0,0.0,5.3899998664856,0.0,0,0,305,1135,2383,2016-04-17,0,,,,,,,,86.0,63.0,127.0,5369.0,1.531
7007744171,14816,10.9799995422363,9.90999984741211,4.93055009841919,3.78999996185303,2.11999988555908,5.05000019073486,0.0199999995529652,48,31,284,1077,2832,2016-04-18,0,,,,,,,,93.2,65.0,139.0,6137.0,1.819
7007744171,14194,10.4799995422363,9.5,4.94214200973511,4.40999984741211,0.759999990463257,5.30999994277954,0.0,53,17,304,1066,2812,2016-04-19,0,,,,,,,,94.4,67.0,138.0,5737.0,1.805
7007744171,15566,11.3100004196167,10.4099998474121,4.92484092712402,4.78999996185303,0.670000016689301,5.8600001335144,0.0,60,33,347,1000,3096,2016-04-20,0,,,,,,,,96.8,70.0,151.0,5886.0,1.989
7007744171,13744,9.1899995803833,9.1899995803833,0.0,2.15000009536743,1.87000000476837,5.17000007629395,0.0,30,34,327,1049,2763,2016-04-21,0,,,,,,,,92.2,64.0,136.0,5820.0,1.775
7007744171,15299,10.2399997711182,10.2399997711182,0.0,4.09999990463257,1.75999999046326,4.36999988555908,0.0,64,50,261,1065,2889,2016-04-22,0,,,,,,,,93.9,57.0,156.0,5825.0,1.856
7007744171,8093,5.40999984741211,5.40999984741211,0.0,0.129999995231628,1.12999999523163,4.15000009536743,0.0,2,25,223,1190,2284,2016-04-23,0,,,,,,,,93.3,66.0,135.0,3034.0,1.467
7007744171,11085,7.42000007629395,7.42000007629395,0.0,0.0,0.0,7.42000007629395,0.0,0,0,419,1021,2667,2016-04-24,0,,,,,,,,95.2,66.0,122.0,4138.0,1.713
7007744171,18229,13.3400001525879,12.1999998092651,4.86179208755493,4.30999994277954,1.37000000476837,7.67000007629395,0.0,51,24,379,986,3055,2016-04-25,0,,,,,,,,94.6,60.0,137.0,6193.0,1.962
7007744171,15090,10.1000003814697,10.1000003814697,0.0,0.930000007152557,0.939999997615814,8.22999954223633,0.0,16,22,424,978,2939,2016-04-26,0,,,,,,,,90.7,63.0,143.0,7129.0,1.888
7007744171,13541,10.2200002670288,9.0600004196167,4.88560485839844,4.26999998092651,0.660000026226044,5.28999996185303,0.0,50,12,337,1041,2830,2016-04-27,0,,,,,,,,95.2,71.0,137.0,5761.0,1.818
7007744171,15128,10.1199998855591,10.1199998855591,0.0,1.0900000333786,0.769999980926514,8.26000022888184,0.0,16,16,401,1007,2836,2016-04-28,0,,,,,,,,89.5,58.0,152.0,6310.0,1.822
7007744171,20067,14.3000001907349,13.4200000762939,4.91114616394043,4.30999994277954,2.04999995231628,7.94999980926514,0.0,55,42,382,961,3180,2016-04-29,0,,,,,,,,93.9,63.0,145.0,6555.0,2.043
7007744171,3761,2.51999998092651,2.51999998092651,0.0,0.0,0.0,2.51999998092651,0.0,0,0,200,1240,2051,2016-04-30,0,,,,,,,,80.3,61.0,124.0,5225.0,1.318
7007744171,5600,3.75,3.75,0.0,0.0,0.0,3.75,0.0,0,0,237,1142,2225,2016-05-01,0,1.0,58.0,61.0,,,,,85.0,57.0,128.0,4655.0,1.43
7007744171,13041,9.18000030517578,8.72000026702881,2.83232593536377,4.6399998664856,0.699999988079071,3.82999992370605,0.0,64,14,250,1112,2642,2016-05-02,0,,,,,,,,86.1,58.0,147.0,5761.0,1.697
7007744171,14510,10.8699998855591,9.71000003814697,4.91236782073975,4.48000001907349,1.01999998092651,5.3600001335144,0.0,58,31,330,1021,2976,2016-05-03,0,,,,,,,,93.4,65.0,138.0,6039.0,1.912
7007744171,0,0.0,0.0,0.0,0.0,0.0,0.0,0.0,0,0,0,1440,1557,2016-05-04,1,,,,,,,,,,,,1.0
7007744171,15010,11.1000003814697,10.039999961853,4.8782320022583,4.32999992370605,1.28999996185303,5.48000001907349,0.0,53,23,317,1047,2933,2016-05-05,0,,,,,,,,97.9,70.0,133.0,4825.0,1.884
7007744171,11459,7.67000007629395,7.67000007629395,0.0,3.0,0.810000002384186,3.85999989509583,0.0,44,13,247,1136,2553,2016-05-06,0,,,,,,,,87.2,62.0,166.0,5880.0,1.64
7007744171,0,0.0,0.0,0.0,0.0,0.0,0.0,0.0,0,0,0,111,120,2016-05-07,0,,,,,,,,,,,,1.0
7086361926,11317,8.40999984741211,8.40999984741211,0.0,5.26999998092651,0.150000005960464,2.97000002861023,0.0,59,6,153,745,2772,2016-04-12,0,1.0,514.0,525.0,,,,,,,,,1.701
7086361926,5813,3.61999988555908,3.61999988555908,0.0,0.560000002384186,0.209999993443489,2.83999991416931,0.0,31,26,155,744,2516,2016-04-13,0,1.0,451.0,465.0,,,,,,,,,1.544
7086361926,9123,6.11999988555908,6.11999988555908,0.0,2.02999997138977,0.330000013113022,3.66000008583069,0.0,35,32,189,787,2734,2016-04-14,0,1.0,472.0,476.0,,,,,,,,,1.674
7086361926,8585,5.67000007629395,5.67000007629395,0.0,2.03999996185303,1.11000001430511,2.52999997138977,0.0,30,21,139,864,2395,2016-04-15,0,1.0,377.0,386.0,,,,,,,,,1.47
7086361926,31,0.0099999997764825,0.0099999997764825,0.0,0.0,0.0,0.0099999997764825,0.0,0,0,3,1437,1635,2016-04-16,0,,,,,,,,,,,,1.003
7086361926,0,0.0,0.0,0.0,0.0,0.0,0.0,0.0,0,0,0,1440,1629,2016-04-17,1,,,,,,,,,,,,1.0
7086361926,9827,6.71000003814697,6.71000003814697,0.0,3.17000007629395,1.22000002861023,2.30999994277954,0.0,61,51,114,1136,2743,2016-04-18,0,,,,,,,,,,,,1.684
7086361926,10688,7.28999996185303,7.28999996185303,0.0,3.52999997138977,1.23000001907349,2.50999999046326,0.0,67,69,124,671,2944,2016-04-19,0,1.0,472.0,483.0,,,,,,,,,1.807
7086361926,14365,10.6400003433228,10.6400003433228,0.0,7.6399998664856,0.449999988079071,2.53999996185303,0.0,87,13,145,797,2997,2016-04-20,0,1.0,492.0,502.0,,,,,,,,,1.839
7086361926,9469,6.17999982833862,6.17999982833862,0.0,1.36000001430511,0.300000011920929,4.51000022888184,0.0,19,6,206,758,2463,2016-04-21,0,1.0,390.0,411.0,,,,,,,,,1.512
7086361926,9753,6.53000020980835,6.53000020980835,0.0,2.86999988555908,0.970000028610229,2.67000007629395,0.0,58,59,153,762,2846,2016-04-22,0,1.0,428.0,448.0,,,,,,,,,1.745
7086361926,2817,1.80999994277954,1.80999994277954,0.0,0.0,0.0,1.79999995231628,0.0,0,0,90,1350,1965,2016-04-23,0,,,,,,,,,,,,1.205
7086361926,3520,2.16000008583069,2.16000008583069,0.0,0.0,0.0,2.15000009536743,0.0,0,0,125,566,2049,2016-04-24,0,1.0,681.0,704.0,,,,,,,,,1.257
7086361926,10091,6.82000017166138,6.82000017166138,0.0,3.75,0.699999988079071,2.36999988555908,0.0,69,39,129,706,2752,2016-04-25,0,1.0,446.0,447.0,,,,,,,,,1.689
7086361926,10387,7.07000017166138,7.07000017166138,0.0,4.15999984741211,0.769999980926514,2.11999988555908,0.0,70,33,132,726,2781,2016-04-26,0,1.0,485.0,500.0,,,,,,,,,1.706
7086361926,11107,8.34000015258789,8.34000015258789,0.0,5.63000011444092,0.180000007152557,2.52999997138977,0.0,55,6,145,829,2693,2016-04-27,0,1.0,469.0,479.0,,,,,,,,,1.652
7086361926,11584,7.80000019073486,7.80000019073486,0.0,2.78999996185303,1.63999998569489,3.35999989509583,0.0,54,48,161,810,2862,2016-04-28,0,1.0,354.0,367.0,,,,,,,,,1.755
7086361926,7881,4.94999980926514,4.94999980926514,0.0,0.490000009536743,0.449999988079071,4.0,0.0,24,36,182,1198,2616,2016-04-29,0,,,,,,,,,,,,1.604
7086361926,14560,9.40999984741211,9.40999984741211,0.0,3.11999988555908,1.03999996185303,5.23999977111816,0.0,42,17,308,584,2995,2016-04-30,0,1.0,485.0,489.0,,,,,,,,,1.838
7086361926,12390,8.06999969482422,8.06999969482422,0.0,2.29999995231628,0.899999976158142,4.84999990463257,0.0,30,15,258,685,2730,2016-05-01,0,1.0,388.0,407.0,,,,,,,,,1.675
7086361926,10052,6.80999994277954,6.80999994277954,0.0,3.48000001907349,0.660000026226044,2.66000008583069,0.0,66,26,139,737,2754,2016-05-02,0,1.0,440.0,459.0,,,,,,,,,1.69
7086361926,10288,6.76000022888184,6.76000022888184,0.0,2.74000000953674,0.850000023841858,3.16000008583069,0.0,57,36,152,761,2754,2016-05-03,0,1.0,456.0,461.0,,,,,,,,,1.69
7086361926,10988,8.3100004196167,8.3100004196167,0.0,5.28000020980835,0.119999997317791,2.90000009536743,0.0,45,12,135,843,2655,2016-05-04,0,1.0,420.0,436.0,,,,,,,,,1.629
7086361926,8564,5.59999990463257,5.59999990463257,0.0,1.77999997138977,0.829999983310699,2.95000004768372,0.0,24,14,149,1253,2386,2016-05-05,0,,,,,,,,,,,,1.46
7086361926,12461,8.38000011444092,8.38000011444092,0.0,3.8199999332428,1.42999994754791,3.11999988555908,0.0,84,35,154,834,2924,2016-05-06,0,1.0,322.0,333.0,,,,,,,,,1.794
7086361926,12827,8.47999954223633,8.47999954223633,0.0,1.46000003814697,2.32999992370605,4.67999982833862,0.0,20,42,209,621,2739,2016-05-07,0,1.0,530.0,548.0,,,,,,,,,1.681
7086361926,10677,7.09999990463257,7.09999990463257,0.0,2.30999994277954,1.52999997138977,3.25,0.0,32,27,147,695,2534,2016-05-08,0,1.0,481.0,510.0,,,,,,,,,1.555
7086361926,13566,9.10999965667725,9.10999965667725,0.0,4.26000022888184,1.71000003814697,3.11999988555908,0.0,67,50,171,743,2960,2016-05-09,0,1.0,427.0,438.0,,,,,,,,,1.816
7086361926,14433,10.789999961853,10.789999961853,0.0,7.1100001335144,1.20000004768372,2.45000004768372,0.0,72,23,106,1182,2800,2016-05-10,0,,,,,,,,,,,,1.715
7086361926,9572,6.51999998092651,6.51999998092651,0.0,2.89000010490417,1.38999998569489,2.23000001907349,0.0,57,40,128,757,2735,2016-05-11,0,1.0,451.0,463.0,,,,,,,,,1.678
7086361926,3789,2.55999994277954,2.55999994277954,0.0,0.379999995231628,0.270000010728836,1.88999998569489,0.0,5,4,58,343,1199,2016-05-12,0,1.0,444.0,457.0,,,,,,,,,1.127
8053475328,18060,14.1199998855591,14.1199998855591,0.0,11.6400003433228,0.389999985694885,2.09999990463257,0.0,116,8,123,1193,3186,2016-04-12,0,,,,,,,,,,,,1.817
8053475328,16433,13.3500003814697,13.3500003814697,0.0,10.4300003051758,0.469999998807907,2.45000004768372,0.0,95,12,156,1177,3140,2016-04-13,0,,,,,,,,,,,,1.791
8053475328,20159,15.9700002670288,15.9700002670288,0.0,12.3400001525879,0.209999993443489,3.35999989509583,0.0,119,5,193,1123,3411,2016-04-14,0,,,,,,,,,,,,1.944
8053475328,20669,16.2399997711182,16.2399997711182,0.0,13.2600002288818,0.389999985694885,2.58999991416931,0.0,132,8,158,1142,3410,2016-04-15,0,,,,,,,,,,,,1.945
8053475328,14549,11.1099996566772,11.1099996566772,0.0,9.35999965667725,0.270000010728836,1.49000000953674,0.0,96,6,83,1255,2867,2016-04-16,0,,,,,,,,,,,,1.636
8053475328,18827,13.6899995803833,13.6899995803833,0.0,9.23999977111816,0.800000011920929,3.64000010490417,0.0,111,21,195,1113,3213,2016-04-17,0,,,,,,,,,,,,1.832
8053475328,17076,12.6599998474121,12.6599998474121,0.0,9.07999992370605,0.230000004172325,3.34999990463257,0.0,102,6,195,1137,3133,2016-04-18,0,,,,,,,,,,,,1.787
8053475328,15929,12.4799995422363,12.4799995422363,0.0,9.22000026702881,0.310000002384186,2.95000004768372,0.0,90,7,191,1152,3114,2016-04-19,0,,,,,,,,,,,,1.776
8053475328,15108,12.1899995803833,12.1899995803833,0.0,9.57999992370605,0.230000004172325,2.38000011444092,0.0,89,5,158,695,3043,2016-04-20,0,1.0,486.0,493.0,,,,,,,,,1.736
8053475328,16057,12.5100002288818,12.5100002288818,0.0,9.67000007629395,0.25,2.57999992370605,0.0,100,6,170,1164,3103,2016-04-21,0,,,,,,,,,,,,1.769
8053475328,10520,8.28999996185303,8.28999996185303,0.0,6.26000022888184,0.150000005960464,1.87999999523163,0.0,60,3,117,1260,2655,2016-04-22,0,,,,,,,,,,,,1.514
8053475328,22359,17.1900005340576,17.1900005340576,0.0,12.539999961853,0.629999995231628,4.01999998092651,0.0,125,14,223,741,3554,2016-04-23,0,1.0,331.0,337.0,,,,,,,,,2.027
8053475328,22988,17.9500007629395,17.9500007629395,0.0,13.1300001144409,1.54999995231628,3.25999999046326,0.0,129,33,182,1096,3577,2016-04-24,0,,,,,,,,,,,,2.04
8053475328,20500,15.6899995803833,15.6899995803833,0.0,11.3699998855591,0.46000000834465,3.85999989509583,0.0,118,9,209,1104,3403,2016-04-25,0,,,,,,,,,,,,1.941
8053475328,12685,9.61999988555908,9.61999988555908,0.0,6.30999994277954,0.200000002980232,3.09999990463257,0.0,68,5,185,1182,2846,2016-04-26,0,,,,,,,,,,,,1.623
8053475328,12422,9.81999969482422,9.81999969482422,0.0,6.46000003814697,0.430000007152557,2.9300000667572,0.0,60,10,183,1187,2852,2016-04-27,0,,,,,,,,,,,,1.627
8053475328,15447,12.3999996185303,12.3999996185303,0.0,9.67000007629395,0.389999985694885,2.34999990463257,0.0,90,9,153,1188,3062,2016-04-28,0,,,,,,,,,,,,1.747
8053475328,12315,9.64999961853027,9.64999961853027,0.0,6.17000007629395,0.310000002384186,3.17000007629395,0.0,58,8,159,1215,2794,2016-04-29,0,,,,,,,,,,,,1.594
8053475328,7135,5.59000015258789,5.59000015258789,0.0,2.99000000953674,0.0599999986588955,2.53999996185303,0.0,27,1,131,1281,2408,2016-04-30,0,,,,,,,,,,,,1.374
8053475328,1170,0.850000023841858,0.850000023841858,0.0,0.0,0.0,0.850000023841858,0.0,0,0,51,1389,1886,2016-05-01,0,,,,,,,,,,,,1.076
8053475328,1969,1.42999994754791,1.42999994754791,0.0,0.0,0.0,1.42999994754791,0.0,0,0,95,1345,1988,2016-05-02,0,,,,,,,,,,,,1.137
8053475328,15484,11.8999996185303,11.8999996185303,0.0,8.39000034332275,0.930000007152557,2.58999991416931,0.0,87,22,165,1166,3023,2016-05-03,0,,,,,,,,,,,,1.729
8053475328,14581,11.1499996185303,11.1499996185303,0.0,8.81999969482422,0.400000005960464,1.9099999666214,0.0,89,8,123,1220,2918,2016-05-04,0,,,,,,,,,,,,1.668
8053475328,14990,11.5100002288818,11.5100002288818,0.0,8.85000038146973,0.449999988079071,2.21000003814697,0.0,93,9,130,1208,2950,2016-05-05,0,,,,,,,,,,,,1.687
8053475328,13953,11.0,11.0,0.0,9.10000038146973,0.689999997615814,1.21000003814697,0.0,90,15,90,1245,2859,2016-05-06,0,,,,,,,,,,,,1.635
8053475328,19769,15.6700000762939,15.6700000762939,0.0,12.4399995803833,0.879999995231628,2.34999990463257,0.0,121,20,148,1076,3331,2016-05-07,0,1.0,74.0,75.0,,,,,,,,,1.905
8053475328,22026,17.6499996185303,17.6499996185303,0.0,13.3999996185303,0.589999973773956,3.66000008583069,0.0,125,14,228,1073,3589,2016-05-08,0,,,,,,,,,,,,2.053
8053475328,12465,9.38000011444092,9.38000011444092,0.0,6.11999988555908,0.569999992847443,2.69000005722046,0.0,66,12,148,1214,2765,2016-05-09,0,,,,,,,,,,,,1.582
8053475328,14810,11.3599996566772,11.3599996566772,0.0,9.09000015258789,0.419999986886978,1.85000002384186,0.0,96,10,115,1219,2926,2016-05-10,0,,,,,,,,,,,,1.674
8053475328,12209,9.39999961853027,9.39999961853027,0.0,6.07999992370605,0.280000001192093,3.03999996185303,0.0,60,7,184,1189,2809,2016-05-11,0,,,,,,,,,,,,1.607
8053475328,4998,3.91000008583069,3.91000008583069,0.0,2.95000004768372,0.200000002980232,0.759999990463257,0.0,28,4,39,839,1505,2016-05-12,0,,,,,,,,,,,,1.359
8253242879,9033,7.15999984741211,7.15999984741211,0.0,5.42999982833862,0.140000000596046,1.5900000333786,0.0,40,2,154,1244,2044,2016-04-12,0,,,,,,,,,,,,1.432
8253242879,8053,6.09999990463257,6.09999990463257,0.0,4.17000007629395,0.629999995231628,1.30999994277954,0.0,35,11,96,1298,1935,2016-04-13,0,,,,,,,,,,,,1.355
8253242879,5234,3.46000003814697,3.46000003814697,0.0,1.92999994754791,0.990000009536743,0.540000021457672,0.0,29,16,33,1362,1705,2016-04-14,0,,,,,,,,,,,,1.195
8253242879,2672,1.76999998092651,1.76999998092651,0.0,0.0,0.0,1.75999999046326,0.0,0,0,105,1335,1632,2016-04-15,0,,,,,,,,,,,,1.143
8253242879,9256,6.1399998664856,6.1399998664856,0.0,0.430000007152557,3.26999998092651,2.45000004768372,0.0,6,51,115,1268,1880,2016-04-16,0,,,,,,,,,,,,1.318
8253242879,10204,7.90999984741211,7.90999984741211,0.0,5.42999982833862,0.150000005960464,2.32999992370605,0.0,41,5,157,1237,2112,2016-04-17,0,,,,,,,,,,,,1.479
8253242879,5151,3.48000001907349,3.48000001907349,0.0,1.03999996185303,0.629999995231628,1.79999995231628,0.0,16,16,130,1278,1829,2016-04-18,0,,,,,,,,,,,,1.281
8253242879,4212,2.77999997138977,2.77999997138977,0.0,0.0,0.0,2.77999997138977,0.0,0,0,164,1276,1763,2016-04-19,0,,,,,,,,,,,,1.235
8253242879,6466,4.26999998092651,4.26999998092651,0.0,0.330000013113022,0.819999992847443,3.10999989509583,0.0099999997764825,5,18,216,1201,1931,2016-04-20,0,,,,,,,,,,,,1.353
8253242879,11268,8.5600004196167,8.5600004196167,0.0,5.88000011444092,0.930000007152557,1.75,0.0,49,20,172,1199,2218,2016-04-21,0,,,,,,,,,,,,1.554
8253242879,2824,1.87000000476837,1.87000000476837,0.0,0.0,0.0,1.87000000476837,0.0,0,0,120,1320,1651,2016-04-22,0,,,,,,,,,,,,1.157
8253242879,9282,6.26000022888184,6.26000022888184,0.0,2.08999991416931,1.03999996185303,3.13000011444092,0.0,30,26,191,1193,2132,2016-04-23,0,,,,,,,,,,,,1.494
8253242879,8905,7.13000011444092,7.13000011444092,0.0,5.59999990463257,0.189999997615814,1.3400000333786,0.0,41,4,82,1313,1976,2016-04-24,0,,,,,,,,,,,,1.384
8253242879,6829,4.51000022888184,4.51000022888184,0.0,0.360000014305115,2.39000010490417,1.76999998092651,0.0,7,54,118,1261,1909,2016-04-25,0,,,,,,,,,,,,1.337
8253242879,4562,3.03999996185303,3.03999996185303,0.0,1.17999994754791,0.490000009536743,1.37000000476837,0.0,19,14,108,1299,1813,2016-04-26,0,,,,,,,,,,,,1.27
8253242879,10232,8.18000030517578,8.18000030517578,0.0,6.23999977111816,0.230000004172325,1.70000004768372,0.0,45,5,104,1286,2008,2016-04-27,0,,,,,,,,,,,,1.407
8253242879,2718,1.79999995231628,1.79999995231628,0.0,0.670000016689301,0.779999971389771,0.340000003576279,0.0,11,16,20,1393,1580,2016-04-28,0,,,,,,,,,,,,1.107
8253242879,6260,4.26000022888184,4.26000022888184,0.0,1.28999996185303,0.540000021457672,2.40000009536743,0.0,16,14,136,1257,1854,2016-04-29,0,,,,,,,,,,,,1.306
8253242879,0,0.0,0.0,0.0,0.0,0.0,0.0,0.0,0,0,0,1440,0,2016-04-30,1,,,,,,,,,,,,
8378563200,7626,6.05000019073486,6.05000019073486,2.25308108329773,0.829999983310699,0.709999978542328,4.5,0.0,65,15,156,723,3635,2016-04-12,0,1.0,338.0,356.0,,,,,,,,,1.681
8378563200,12386,9.81999969482422,9.81999969482422,2.0921471118927,4.96000003814697,0.649999976158142,4.21000003814697,0.0,116,14,169,680,4079,2016-04-13,0,2.0,447.0,487.0,,,,,,,,,1.887
8378563200,13318,10.5600004196167,10.5600004196167,2.25308108329773,5.61999988555908,1.02999997138977,3.91000008583069,0.0,123,21,174,699,4163,2016-04-14,0,1.0,424.0,455.0,,,,,,,,,1.925
8378563200,14461,11.4700002670288,11.4700002670288,0.0,4.90999984741211,1.14999997615814,5.40999984741211,0.0,60,23,190,729,3666,2016-04-15,0,1.0,513.0,533.0,,,,,,,,,1.691
8378563200,11207,8.89000034332275,8.89000034332275,0.0,5.36999988555908,1.07000005245209,2.44000005722046,0.0,64,21,142,563,3363,2016-04-16,0,2.0,611.0,689.0,,,,,,,,,1.555
8378563200,2132,1.69000005722046,1.69000005722046,0.0,0.0,0.0,1.69000005722046,0.0,0,0,93,599,2572,2016-04-17,0,2.0,525.0,591.0,,,,,,,,,1.19
8378563200,13630,10.8100004196167,10.8100004196167,2.0921471118927,5.05000019073486,0.560000002384186,5.19999980926514,0.0,117,10,174,720,4157,2016-04-18,0,1.0,398.0,451.0,,,,,,,,,1.923
8378563200,13070,10.3599996566772,10.3599996566772,2.25308108329773,5.30000019073486,0.879999995231628,4.17999982833862,0.0,120,19,154,737,4092,2016-04-19,0,1.0,387.0,421.0,,,,,,,,,1.892
8378563200,9388,7.44000005722046,7.44000005722046,2.0921471118927,2.23000001907349,0.439999997615814,4.78000020980835,0.0,82,8,169,763,3787,2016-04-20,0,1.0,381.0,409.0,,,,,,,,,1.751
8378563200,15148,12.0100002288818,12.0100002288818,2.25308108329773,6.90000009536743,0.819999992847443,4.28999996185303,0.0,137,16,145,677,4236,2016-04-21,0,1.0,396.0,417.0,,,,,,,,,1.959
8378563200,12200,9.67000007629395,9.67000007629395,2.0921471118927,4.90999984741211,0.589999973773956,4.17999982833862,0.0,113,12,159,769,4044,2016-04-22,0,1.0,441.0,469.0,,,,,,,,,1.871
8378563200,5709,4.53000020980835,4.53000020980835,0.0,1.51999998092651,0.519999980926514,2.48000001907349,0.0,19,10,136,740,2908,2016-04-23,0,1.0,565.0,591.0,,,,,,,,,1.345
8378563200,3703,2.94000005722046,2.94000005722046,0.0,0.0,0.0,2.94000005722046,0.0,0,0,135,734,2741,2016-04-24,0,1.0,458.0,492.0,,,,,,,,,1.268
8378563200,12405,9.84000015258789,9.84000015258789,2.0921471118927,5.05000019073486,0.870000004768372,3.92000007629395,0.0,117,16,141,692,4005,2016-04-25,0,1.0,388.0,402.0,,,,,,,,,1.852
8378563200,16208,12.8500003814697,12.8500003814697,0.0,7.51000022888184,0.920000016689301,4.42000007629395,0.0,90,18,161,593,3763,2016-04-26,0,1.0,550.0,584.0,,,,,,,,,1.741
8378563200,7359,5.84000015258789,5.84000015258789,0.0,0.330000013113022,0.180000007152557,5.32999992370605,0.0,4,4,192,676,3061,2016-04-27,0,1.0,531.0,600.0,,,,,,,,,1.416
8378563200,5417,4.30000019073486,4.30000019073486,0.0,0.899999976158142,0.490000009536743,2.91000008583069,0.0,11,10,139,711,2884,2016-04-28,0,1.0,506.0,556.0,,,,,,,,,1.334
8378563200,6175,4.90000009536743,4.90000009536743,0.0,0.25,0.360000014305115,4.26999998092651,0.0,3,7,172,767,2982,2016-04-29,0,1.0,527.0,562.0,,,,,,,,,1.38
8378563200,2946,2.33999991416931,2.33999991416931,0.0,0.0,0.0,2.33999991416931,0.0,0,0,121,780,2660,2016-04-30,0,1.0,468.0,555.0,,,,,,,,,1.23
8378563200,11419,9.0600004196167,9.0600004196167,0.0,6.03000020980835,0.560000002384186,2.47000002861023,0.0,71,10,127,669,3369,2016-05-01,0,1.0,475.0,539.0,,,,,,,,,1.559
8378563200,6064,4.80999994277954,4.80999994277954,2.0921471118927,0.629999995231628,0.170000001788139,4.01000022888184,0.0,63,4,142,802,3491,2016-05-02,0,1.0,351.0,385.0,,,,,,,,,1.615
8378563200,8712,6.90999984741211,6.90999984741211,2.25308108329773,1.3400000333786,1.05999994277954,4.5,0.0,71,20,195,822,3784,2016-05-03,0,1.0,405.0,429.0,,,,,,,,,1.75
8378563200,7875,6.23999977111816,6.23999977111816,0.0,1.55999994277954,0.490000009536743,4.19999980926514,0.0,19,10,167,680,3110,2016-05-04,0,1.0,441.0,477.0,,,,,,,,,1.438
8378563200,8567,6.78999996185303,6.78999996185303,2.25308108329773,0.889999985694885,0.159999996423721,5.73999977111816,0.0,66,3,214,764,3783,2016-05-05,0,1.0,381.0,417.0,,,,,,,,,1.75
8378563200,7045,5.59000015258789,5.59000015258789,2.0921471118927,1.54999995231628,0.25,3.77999997138977,0.0,74,5,166,831,3644,2016-05-06,0,1.0,323.0,355.0,,,,,,,,,1.686
8378563200,4468,3.53999996185303,3.53999996185303,0.0,0.0,0.0,3.53999996185303,0.0,0,0,158,851,2799,2016-05-07,0,2.0,459.0,513.0,,,,,,,,,1.295
8378563200,2943,2.32999992370605,2.32999992370605,0.0,0.0,0.0,2.32999992370605,0.0,0,0,139,621,2685,2016-05-08,0,1.0,545.0,606.0,,,,,,,,,1.242
8378563200,8382,6.65000009536743,6.65000009536743,2.0921471118927,1.26999998092651,0.660000026226044,4.71999979019165,0.0,71,13,171,772,3721,2016-05-09,0,1.0,359.0,399.0,,,,,,,,,1.721
8378563200,6582,5.21999979019165,5.21999979019165,2.25308108329773,0.660000026226044,0.639999985694885,3.92000007629395,0.0,63,13,152,840,3586,2016-05-10,0,1.0,342.0,391.0,,,,,,,,,1.659
8378563200,9143,7.25,7.25,2.0921471118927,1.38999998569489,0.589999973773956,5.26999998092651,0.0,72,10,184,763,3788,2016-05-11,0,1.0,368.0,387.0,,,,,,,,,1.752
8378563200,4561,3.61999988555908,3.61999988555908,0.0,0.649999976158142,0.270000010728836,2.69000005722046,0.0,8,6,102,433,1976,2016-05-12,0,1.0,496.0,546.0,,,,,,,,,1.372
8583815059,5014,3.91000008583069,3.91000008583069,0.0,0.0,0.330000013113022,3.57999992370605,0.0,0,7,196,1237,2650,2016-04-12,0,,,,,,,,,,,,1.312
8583815059,5571,4.34999990463257,4.34999990463257,0.0,0.150000005960464,0.970000028610229,3.23000001907349,0.0,2,23,163,1252,2654,2016-04-13,0,,,,,,,,,,,,1.314
8583815059,3135,2.45000004768372,2.45000004768372,0.0,0.0,0.0,2.4300000667572,0.0,0,0,134,1306,2443,2016-04-14,0,,,,,,,,,,,,1.209
8583815059,3430,2.6800000667572,2.6800000667572,0.0,0.0,0.0,0.899999976158142,0.0,0,0,65,1375,2505,2016-04-15,0,,,,,,,,,,,,1.093
8583815059,5319,4.15000009536743,4.15000009536743,0.0,0.0,0.0,0.0,0.0,0,0,0,1440,2693,2016-04-16,0,,,,,,,,,,,,1.0
8583815059,3008,2.34999990463257,2.34999990463257,0.0,0.0,0.0,0.0,0.0,0,0,0,1440,2439,2016-04-17,0,,,,,,,,,,,,1.0
8583815059,3864,3.00999999046326,3.00999999046326,0.0,0.310000002384186,1.05999994277954,1.35000002384186,0.0,4,22,105,1309,2536,2016-04-18,0,,,,,,,,,,,,1.237
8583815059,5697,4.44000005722046,4.44000005722046,0.0,0.529999971389771,0.479999989271164,3.44000005722046,0.0,7,10,166,1257,2668,2016-04-19,0,,,,,,,,,,,,1.321
8583815059,5273,4.1100001335144,4.1100001335144,0.0,0.0,1.03999996185303,3.0699999332428,0.0,0,27,167,1246,2647,2016-04-20,0,,,,,,,,,,,,1.311
8583815059,8538,6.65999984741211,6.65999984741211,0.0,2.63000011444092,1.01999998092651,3.00999999046326,0.0,35,18,158,1229,2883,2016-04-21,0,,,,,,,,,,,,1.428
8583815059,8687,6.78000020980835,6.78000020980835,0.0,0.28999999165535,2.41000008583069,4.07999992370605,0.0,4,54,212,1170,2944,2016-04-22,0,,,,,,,,,,,,1.458
8583815059,9423,7.34999990463257,7.34999990463257,0.0,0.529999971389771,2.02999997138977,4.75,0.0,7,44,238,1151,3012,2016-04-23,0,,,,,,,,,,,,1.491
8583815059,8286,6.46000003814697,6.46000003814697,0.0,0.150000005960464,2.04999995231628,4.26999998092651,0.0,2,44,206,1188,2889,2016-04-24,0,,,,,,,,,,,,1.431
8583815059,4503,3.50999999046326,3.50999999046326,0.0,1.47000002861023,0.239999994635582,1.80999994277954,0.0,18,6,122,1294,2547,2016-04-25,0,,,,,,,,,,,,1.262
8583815059,10499,8.1899995803833,8.1899995803833,0.0,0.0700000002980232,4.21999979019165,3.89000010490417,0.0,1,91,214,1134,3093,2016-04-26,0,,,,,,,,,,,,1.532
8583815059,12474,9.72999954223633,9.72999954223633,0.0,6.59999990463257,0.270000010728836,2.86999988555908,0.0,77,5,129,1229,3142,2016-04-27,0,,,,,,,,,,,,1.556
8583815059,6174,4.82000017166138,4.82000017166138,0.0,0.0,1.20000004768372,3.60999989509583,0.0,0,28,203,1209,2757,2016-04-28,0,,,,,,,,,,,,1.365
8583815059,15168,11.8299999237061,11.8299999237061,0.0,3.90000009536743,3.0,4.92000007629395,0.0,46,67,258,1069,3513,2016-04-29,0,,,,,,,,,,,,1.738
8583815059,10085,7.86999988555908,7.86999988555908,0.0,0.150000005960464,1.27999997138977,6.42999982833862,0.0,2,28,317,1093,3164,2016-04-30,0,,,,,,,,,,,,1.567
8583815059,4512,3.51999998092651,3.51999998092651,0.0,0.779999971389771,0.119999997317791,2.03999996185303,0.0,10,2,117,1311,2596,2016-05-01,0,,,,,,,,,,,,1.219
8583815059,8469,6.6100001335144,6.6100001335144,0.0,0.0,0.0,0.0,0.0,0,0,0,1440,2894,2016-05-02,0,,,,,,,,,,,,1.0
8583815059,12015,9.36999988555908,9.36999988555908,0.0,0.0,0.0,0.0,0.0,0,0,0,1440,3212,2016-05-03,0,,,,,,,,,,,,1.0
8583815059,3588,2.79999995231628,2.79999995231628,0.0,0.0,0.0,0.0,0.0,0,0,0,1440,2516,2016-05-04,0,,,,,,,,,,,,1.0
8583815059,12427,9.6899995803833,9.6899995803833,0.0,0.0,0.0,1.17999994754791,0.0,0,0,70,1370,3266,2016-05-05,0,,,,,,,,,,,,1.106
8583815059,5843,4.55999994277954,4.55999994277954,0.0,0.140000000596046,1.19000005722046,3.23000001907349,0.0,2,22,166,1250,2683,2016-05-06,0,,,,,,,,,,,,1.328
8583815059,6117,4.76999998092651,4.76999998092651,0.0,0.0,0.0,4.76999998092651,0.0,0,0,250,1190,2810,2016-05-07,0,,,,,,,,,,,,1.392
8583815059,9217,7.19000005722046,7.19000005722046,0.0,0.219999998807907,3.30999994277954,3.66000008583069,0.0,3,72,182,1183,2940,2016-05-08,0,,,,,,,,,,,,1.456
8583815059,9877,7.69999980926514,7.69999980926514,0.0,5.76000022888184,0.170000001788139,1.73000001907349,0.0,66,4,110,1260,2947,2016-05-09,0,,,,,,,,,,,,1.456
8583815059,8240,6.42999982833862,6.42999982833862,0.0,0.689999997615814,2.00999999046326,3.72000002861023,0.0,9,43,162,1226,2846,2016-05-10,0,,,,,,,,,,,,1.407
8583815059,8701,6.78999996185303,6.78999996185303,0.0,0.370000004768372,3.24000000953674,3.17000007629395,0.0,5,71,177,1106,2804,2016-05-11,0,,,,,,,,,,,,1.475
8583815059,0,0.0,0.0,0.0,0.0,0.0,0.0,0.0,0,0,0,1440,0,2016-05-12,1,,,,,,,,,,,,
8792009665,2564,1.63999998569489,1.63999998569489,0.0,0.0,0.0,1.63999998569489,0.0,0,0,116,831,2044,2016-04-12,0,1.0,458.0,493.0,,,,,68.9,48.0,135.0,7587.0,1.211
8792009665,1320,0.839999973773956,0.839999973773956,0.0,0.0,0.0,0.839999973773956,0.0,0,0,82,806,1934,2016-04-13,0,1.0,531.0,552.0,,,,,68.5,43.0,121.0,8044.0,1.146
8792009665,1219,0.779999971389771,0.779999971389771,0.0,0.0,0.0,0.779999971389771,0.0,0,0,84,853,1963,2016-04-14,0,1.0,486.0,503.0,,,,,69.1,46.0,124.0,7461.0,1.163
8792009665,2483,1.5900000333786,1.5900000333786,0.0,0.0,0.0,1.5900000333786,0.0,0,0,126,937,2009,2016-04-15,0,1.0,363.0,377.0,,,,,66.9,49.0,116.0,3605.0,1.19
8792009665,244,0.159999996423721,0.159999996423721,0.0,0.0,0.0,0.159999996423721,0.0,0,0,12,1428,1721,2016-04-16,0,,,,,,,,,,,,1.019
8792009665,0,0.0,0.0,0.0,0.0,0.0,0.0,0.0,0,0,0,1440,1688,2016-04-17,1,,,,,,,,,,,,1.0
8792009665,0,0.0,0.0,0.0,0.0,0.0,0.0,0.0,0,0,0,1440,1688,2016-04-18,1,,,,,,,,,,,,1.0
8792009665,0,0.0,0.0,0.0,0.0,0.0,0.0,0.0,0,0,0,1440,1688,2016-04-19,1,,,,,,,,,,,,1.0
8792009665,3147,2.00999999046326,2.00999999046326,0.0,0.0,0.280000001192093,1.74000000953674,0.0,0,10,139,744,2188,2016-04-20,0,1.0,528.0,547.0,,,,,69.6,44.0,120.0,7765.0,1.296
8792009665,144,0.0900000035762787,0.0900000035762787,0.0,0.0,0.0,0.0900000035762787,0.0,0,0,9,1431,1720,2016-04-21,0,,,,,,,,80.8,66.0,108.0,184.0,1.019
8792009665,4068,2.59999990463257,2.59999990463257,0.0,0.0500000007450581,0.280000001192093,2.26999998092651,0.0,1,20,195,817,2419,2016-04-22,0,1.0,391.0,407.0,,,,,70.3,44.0,131.0,8429.0,1.433
8792009665,5245,3.35999989509583,3.35999989509583,0.0,0.159999996423721,0.439999997615814,2.75,0.0,8,45,232,795,2748,2016-04-23,0,1.0,339.0,360.0,,,,,77.8,48.0,141.0,9095.0,1.627
8792009665,400,0.259999990463257,0.259999990463257,0.0,0.0399999991059303,0.0500000007450581,0.159999996423721,0.0,3,8,19,1410,1799,2016-04-24,0,,,,,,,,76.0,55.0,120.0,673.0,1.066
8792009665,0,0.0,0.0,0.0,0.0,0.0,0.0,0.0,0,0,0,1440,1688,2016-04-25,1,,,,,,,,,,,,1.0
8792009665,1321,0.850000023841858,0.850000023841858,0.0,0.0,0.0,0.850000023841858,0.0,0,0,80,1360,1928,2016-04-26,0,,,,,,,,69.8,54.0,114.0,5348.0,1.142
8792009665,1758,1.12999999523163,1.12999999523163,0.0,0.0,0.0,1.12999999523163,0.0,0,0,112,900,2067,2016-04-27,0,1.0,423.0,428.0,,,,,68.8,43.0,132.0,8406.0,1.224
8792009665,6157,3.94000005722046,3.94000005722046,0.0,0.0,0.0,3.94000005722046,0.0,0,0,310,714,2780,2016-04-28,0,1.0,402.0,416.0,,,,,76.7,44.0,134.0,9374.0,1.646
8792009665,8360,5.34999990463257,5.34999990463257,0.0,0.140000000596046,0.280000001192093,4.92999982833862,0.0,6,14,380,634,3101,2016-04-29,0,1.0,398.0,406.0,,,,,80.9,48.0,158.0,8907.0,1.837
8792009665,7174,4.59000015258789,4.59000015258789,0.0,0.330000013113022,0.360000014305115,3.91000008583069,0.0,10,20,301,749,2896,2016-04-30,0,1.0,343.0,360.0,,,,,81.5,48.0,132.0,9022.0,1.715
8792009665,1619,1.03999996185303,1.03999996185303,0.0,0.0,0.0,1.03999996185303,0.0,0,0,79,834,1962,2016-05-01,0,1.0,503.0,527.0,,,,,67.8,43.0,123.0,8613.0,1.162
8792009665,1831,1.16999995708466,1.16999995708466,0.0,0.0,0.0,1.16999995708466,0.0,0,0,101,916,2015,2016-05-02,0,1.0,415.0,423.0,,,,,67.4,45.0,129.0,8217.0,1.193
8792009665,2421,1.54999995231628,1.54999995231628,0.0,0.0,0.0,1.54999995231628,0.0,0,0,156,739,2297,2016-05-03,0,1.0,516.0,545.0,,,,,74.4,45.0,119.0,8496.0,1.361
8792009665,2283,1.46000003814697,1.46000003814697,0.0,0.0,0.0,1.46000003814697,0.0,0,0,129,848,2067,2016-05-04,0,1.0,439.0,463.0,,,,,75.0,51.0,114.0,3615.0,1.224
8792009665,0,0.0,0.0,0.0,0.0,0.0,0.0,0.0,0,0,0,1440,1688,2016-05-05,1,,,,,,,,,,,,1.0
8792009665,0,0.0,0.0,0.0,0.0,0.0,0.0,0.0,0,0,0,1440,1688,2016-05-06,1,,,,,,,,,,,,1.0
8792009665,0,0.0,0.0,0.0,0.0,0.0,0.0,0.0,0,0,0,1440,1688,2016-05-07,1,,,,,,,,,,,,1.0
8792009665,0,0.0,0.0,0.0,0.0,0.0,0.0,0.0,0,0,0,1440,1688,2016-05-08,1,,,,,,,,,,,,1.0
8792009665,0,0.0,0.0,0.0,0.0,0.0,0.0,0.0,0,0,0,1440,1688,2016-05-09,1,,,,,,,,,,,,1.0
8792009665,0,0.0,0.0,0.0,0.0,0.0,0.0,0.0,0,0,0,48,57,2016-05-10,0,,,,,,,,,,,,
8877689391,23186,20.3999996185303,20.3999996185303,0.0,12.2200002670288,0.340000003576279,7.82000017166138,0.0,85,7,312,1036,3921,2016-04-12,0,,,,85.8000030517578,189.156627682704,25.6800003051758,False,86.5,47.0,164.0,8280.0,2.223
8877689391,15337,9.57999992370605,9.57999992370605,0.0,3.54999995231628,0.379999995231628,5.6399998664856,0.0,108,18,216,1098,3566,2016-04-13,0,,,,84.9000015258789,187.172463959052,25.4099998474121,False,84.7,50.0,160.0,8577.0,2.032
8877689391,21129,18.9799995422363,18.9799995422363,0.0,10.5500001907349,0.589999973773956,7.75,0.0199999995529652,68,13,298,1061,3793,2016-04-14,0,,,,84.5,186.290611546325,25.3099994659424,False,85.3,50.0,169.0,8096.0,2.164
8877689391,13422,7.17000007629395,7.17000007629395,0.0,0.0500000007450581,0.0500000007450581,7.01000022888184,0.0099999997764825,106,1,281,1052,3934,2016-04-15,0,,,,,,,,91.9,48.0,165.0,9743.0,2.237
8877689391,29326,25.2900009155273,25.2900009155273,0.0,13.2399997711182,1.21000003814697,10.710000038147,0.0,94,29,429,888,4547,2016-04-16,0,,,,85.5,188.495234168175,25.5900001525879,False,92.1,54.0,172.0,8431.0,2.578
8877689391,15118,8.86999988555908,8.86999988555908,0.0,0.0,0.0700000002980232,8.78999996185303,0.0,58,15,307,1060,3545,2016-04-17,0,,,,,,,,87.9,51.0,167.0,8071.0,2.011
8877689391,11423,8.67000007629395,8.67000007629395,0.0,2.44000005722046,0.270000010728836,5.94000005722046,0.0,29,5,191,1215,2761,2016-04-18,0,,,,85.8000030517578,189.156627682704,25.6800003051758,False,66.0,48.0,139.0,6542.0,1.564
8877689391,18785,17.3999996185303,17.3999996185303,0.0,12.1499996185303,0.180000007152557,5.03000020980835,0.0,82,13,214,1131,3676,2016-04-19,0,,,,85.3000030517578,188.054316371779,25.5300006866455,False,86.6,49.0,178.0,7877.0,2.087
8877689391,19948,18.1100006103516,18.1100006103516,0.0,11.0200004577637,0.689999997615814,6.34000015258789,0.0,73,19,225,1123,3679,2016-04-20,0,,,,84.9000015258789,187.172463959052,25.4099998474121,False,85.5,51.0,173.0,7807.0,2.093
8877689391,19377,17.6200008392334,17.6200008392334,0.0,12.289999961853,0.419999986886978,4.8899998664856,0.0,82,13,226,1119,3659,2016-04-21,0,,,,84.5,186.290611546325,25.2900009155273,False,87.1,53.0,170.0,7582.0,2.09
8877689391,18258,16.3099994659424,16.3099994659424,0.0,10.2299995422363,0.0299999993294477,5.96999979019165,0.0500000007450581,61,2,236,1141,3427,2016-04-22,0,,,,,,,,82.8,47.0,163.0,7885.0,1.95
8877689391,11200,7.42999982833862,7.42999982833862,0.0,0.0,0.0,7.40000009536743,0.0099999997764825,102,6,300,1032,3891,2016-04-23,0,,,,85.5,188.495234168175,25.5900001525879,False,93.9,53.0,165.0,9225.0,2.209
8877689391,16674,15.7399997711182,15.7399997711182,0.0,11.0100002288818,0.0099999997764825,4.69000005722046,0.0,64,1,227,1148,3455,2016-04-24,0,,,,85.5,188.495234168175,25.5900001525879,False,87.3,51.0,171.0,7100.0,1.961
8877689391,12986,8.73999977111816,8.73999977111816,0.0,2.36999988555908,0.0700000002980232,6.26999998092651,0.0099999997764825,113,8,218,1101,3802,2016-04-25,0,,,,85.4000015258789,188.274775269977,25.5599994659424,False,89.8,49.0,176.0,9312.0,2.159
8877689391,11101,8.43000030517578,8.43000030517578,0.0,1.75999999046326,0.129999995231628,6.5,0.0,22,3,258,1157,2860,2016-04-26,0,,,,85.0999984741211,187.613381755448,25.4899997711182,False,67.6,49.0,125.0,7066.0,1.625
8877689391,23629,20.6499996185303,20.6499996185303,0.0,13.0699996948242,0.439999997615814,7.09999990463257,0.0,93,8,235,1104,3808,2016-04-27,0,,,,85.4000015258789,188.274775269977,25.5599994659424,False,84.8,46.0,163.0,7991.0,2.162
8877689391,14890,11.3000001907349,11.3000001907349,0.0,4.92999982833862,0.379999995231628,5.96999979019165,0.0,58,8,231,1143,3060,2016-04-28,0,,,,85.0999984741211,187.613381755448,25.4899997711182,False,66.8,47.0,153.0,6847.0,1.741
8877689391,9733,7.3899998664856,7.3899998664856,0.0,1.37999999523163,0.170000001788139,5.78999996185303,0.0,18,5,210,1207,2698,2016-04-29,0,,,,84.9000015258789,187.172463959052,25.4099998474121,False,64.5,47.0,131.0,6974.0,1.536
8877689391,27745,26.7199993133545,26.7199993133545,0.0,21.6599998474121,0.0799999982118607,4.92999982833862,0.0,124,4,223,1089,4398,2016-04-30,0,,,,85.5,188.495234168175,25.5900001525879,False,102.2,49.0,170.0,8066.0,2.495
8877689391,10930,8.31999969482422,8.31999969482422,0.0,3.13000011444092,0.569999992847443,4.57000017166138,0.0,36,12,166,1226,2786,2016-05-01,0,,,,85.3000030517578,188.054316371779,25.5300006866455,False,70.7,48.0,145.0,5983.0,1.582
8877689391,4790,3.64000010490417,3.64000010490417,0.0,0.0,0.0,3.55999994277954,0.0,0,0,105,1335,2189,2016-05-02,0,,,,,,,,65.9,47.0,108.0,2928.0,1.242
8877689391,10818,8.21000003814697,8.21000003814697,0.0,1.38999998569489,0.100000001490116,6.67000007629395,0.0099999997764825,19,3,229,1189,2817,2016-05-03,0,,,,84.9000015258789,187.172463959052,25.4099998474121,False,67.5,48.0,150.0,7133.0,1.603
8877689391,18193,16.2999992370605,16.2999992370605,0.0,10.4200000762939,0.310000002384186,5.53000020980835,0.0,66,8,212,1154,3477,2016-05-04,0,,,,84.4000015258789,186.070152648127,25.2600002288818,False,88.4,56.0,168.0,7191.0,1.985
8877689391,14055,10.6700000762939,10.6700000762939,0.0,5.46000003814697,0.819999992847443,4.36999988555908,0.0,67,15,188,1170,3052,2016-05-05,0,,,,,,,,72.9,53.0,142.0,6092.0,1.742
8877689391,21727,19.3400001525879,19.3400001525879,0.0,12.789999961853,0.28999999165535,6.15999984741211,0.0,96,17,232,1095,4015,2016-05-06,0,,,,85.0,187.39292285725,25.4400005340576,False,92.8,47.0,177.0,7662.0,2.28
8877689391,12332,8.13000011444092,8.13000011444092,0.0,0.0799999982118607,0.959999978542328,6.98999977111816,0.0,105,28,271,1036,4142,2016-05-07,0,,,,,,,,101.0,56.0,166.0,8699.0,2.351
8877689391,10686,8.10999965667725,8.10999965667725,0.0,1.08000004291534,0.200000002980232,6.80000019073486,0.0,17,4,245,1174,2847,2016-05-08,0,,,,85.4000015258789,188.274775269977,25.5599994659424,False,72.6,54.0,137.0,6403.0,1.616
8877689391,20226,18.25,18.25,0.0,11.1000003814697,0.800000011920929,6.23999977111816,0.0500000007450581,73,19,217,1131,3710,2016-05-09,0,,,,85.5,188.495234168175,25.6100006103516,False,89.6,51.0,176.0,7612.0,2.101
8877689391,10733,8.14999961853027,8.14999961853027,0.0,1.35000002384186,0.46000000834465,6.28000020980835,0.0,18,11,224,1187,2832,2016-05-10,0,,,,,,,,71.5,50.0,141.0,6242.0,1.607
8877689391,21420,19.5599994659424,19.5599994659424,0.0,13.2200002670288,0.409999996423721,5.8899998664856,0.0,88,12,213,1127,3832,2016-05-11,0,,,,85.4000015258789,188.274775269977,25.5599994659424,False,89.1,48.0,180.0,7913.0,2.175
8877689391,8064,6.11999988555908,6.11999988555908,0.0,1.82000005245209,0.0399999991059303,4.25,0.0,23,1,137,770,1849,2016-05-12,0,,,,84.0,185.1883002354,25.1399993896484,False,71.1,53.0,122.0,3511.0,1.628
